Workbook

Sheet Sheet1

Sheet 2021-09
A1: 廠商名稱 | B1: 合作模式 | C1: 負責人 | D1: 貨款加總 | E1: 應收總和
A2: 亞仕生醫科技有限公司 | B2: 新約寄倉 | C2: 林京苓 | D2: 292.5 | E2: 199.935
A3: 明奇食品有限公司 | B3: 新約寄倉 | C3: 周芃葳 | D3: 34080 | E3: 26844.52
A4: 萬灃興貿易有限公司 | B4: 新約寄倉 | C4: 白乙君 | D4: 61505.68 | E4: 50332.17
A5: 凱勝運動訓練有限公司 | B5: 新約寄倉 | C5: 白乙君 | D5: 660.68 | E5: -49.882688
A6: 三福生技股份有限公司 | B6: 新約寄倉 | C6: 白乙君 | D6: 1536.8 | E6: 1263.9915
A7: 愛上大數據股份有限公司 | B7: 轉單 | C7: 張所靜 | D7: 7110 | E7: 4550.4
A8: 華格食品國際股份有限公司 | B8: 新約寄倉 | C8: 白乙君 | D8: 238.4 | E8: 177.71
A9: 大誠益國際實業有限公司 | B9: 新約寄倉 | C9: 張所靜 | D9: 13162.38 | E9: 11020.52
A10: 錸臻賦食品行 | B10: 轉單 | C10: 白乙君 | D10: 10183 | E10: 7128.1
A11: 友信農產品行 | B11: 轉單 | C11: 白乙君 | D11: 880 | E11: 616
A12: 登薾國際貿易股份有限公司 | B12: 新約寄倉 | C12: 張所靜 | D12: 1192 | E12: 567.32461
A13: 薌園生技股份有限公司 | B13: 新約寄倉 | C13: 白乙君 | D13: 920 | E13: 556.56973
... A281: 高紘國際股份有限公司 | B281: 新約寄倉 | C281: 謝順平 | D281: 0 | E281: -24.15

Sheet 2021-10
A1: 廠商名稱 | B1: 合作模式 | C1: 負責人 | D1: 貨款加總 | E1: 應收總和
A2: 乙彤食藝有限公司 | B2: 新約寄倉 | C2: 張所靜 | D2: 337.84 | E2: 271.765
A3: 明奇食品有限公司 | B3: 新約寄倉 | C3: 周芃葳 | D3: 47769.6 | E3: 37205.045
A4: 天時生技有限公司 | B4: 轉單 | C4: 白乙君 | D4: 3895 | E4: 2804.4
A5: 派斯克國際有限公司 | B5: 轉單 | C5: 謝順平 | D5: 1999 | E5: 1464.3
A6: 凱勝運動訓練有限公司 | B6: 新約寄倉 | C6: 白乙君 | D6: 1910.4 | E6: 903.05679
A7: 泰鴻食品股份有限公司 | B7: 轉單 | C7: 張所靜 | D7: 4982 | E7: 3487.4
A8: 裕盛昇有限公司 | B8: 轉單 | C8: 張所靜 | D8: 689 | E8: 482.3
A9: 旭家食品股份有限公司 | B9: 轉單 | C9: 張所靜 | D9: 3300 | E9: 2640
A10: 品元實業股份有限公司 | B10: 新約寄倉 | C10: 張所靜 | D10: 31068.96 | E10: 22990.045
A11: 盛鈞國際有限公司 | B11: 轉單 | C11: 張所靜 | D11: 1080 | E11: 756
A12: 皓翰翔有限公司 | B12: 轉單 | C12: 周芃葳 | D12: 480 | E12: 336
A13: 太禓創意行銷有限公司 | B13: 轉單 | C13: 白乙君 | D13: 77375.04 | E13: 6100.8
... A271: 睿森實業有限公司 | B271: 新約寄倉 | C271: 張所靜 | D271: 475.2 | E271: 108.985

Sheet 2021-11
A1: 廠商名稱 | B1: 合作模式 | C1: 負責人 | D1: 貨款加總 | E1: 應收總和
A2: 明奇食品有限公司 | B2: 新約寄倉 | C2: 周芃葳 | D2: 61480 | E2: 47080.175
A3: 萬灃興貿易有限公司 | B3: 新約寄倉 | C3: 白乙君 | D3: 4150 | E3: 3339.5023
A4: 凱勝運動訓練有限公司 | B4: 新約寄倉 | C4: 白乙君 | D4: 1684.47 | E4: 812.2487
A5: 大誠益國際實業有限公司 | B5: 新約寄倉 | C5: 張所靜 | D5: 20266.4 | E5: 16932.785
A6: 薌園生技股份有限公司 | B6: 新約寄倉 | C6: 白乙君 | D6: 480 | E6: 282.75937
A7: 樂其國際貿易有限公司 | B7: 新約寄倉 | C7: 白乙君 | D7: 1038.4 | E7: 814.88
A8: 亞帝士運動用品 | B8: 新約寄倉 | C8: 白乙君 | D8: 9312 | E8: 7264.5519
A9: 呈芳食品行 | B9: 新約寄倉 | C9: 白乙君 | D9: 4464 | E9: 3226.395
A10: 盎谷實業有限公司 | B10: 新約寄倉 | C10: 白乙君 | D10: 492.8 | E10: 213.49528
A11: 台灣奇亞子股份有限公司 | B11: 新約寄倉 | C11: 白乙君 | D11: 9530.06 | E11: 7630.1064
A12: 先知蜂生技有限公司 | B12: 新約寄倉 | C12: 張所靜 | D12: 1568 | E12: 1136.5042
A13: 魔咕飲國際生技有限公司 | B13: 新約寄倉 | C13: 白乙君 | D13: 2875.2 | E13: 2288.6806
... A273: 聖沐生技有限公司 | B273: 新約寄倉 | C273: 謝順平 | D273: 26499.88 | E273: 21545.008
A274: 康健基因科技股份有限公司 | B274: 新約寄倉 | C274: 謝順平 | D274: 0 | E274: -105.12135 | F274: 0

Sheet 2021-12
A1: 廠商名稱 | B1: 合作模式 | C1: 負責人 | D1: 貨款加總 | E1: 應收總和 | F1: 吸收額
A2: 弗伊淨有限公司 | B2: 新約寄倉 | C2: 謝順平 | D2: 9696 | E2: 7991.73 | F2: 0
A3: 明奇食品有限公司 | B3: 新約寄倉 | C3: 周芃葳 | D3: 31916 | E3: 24439.25 | F3: 0
A4: 萬灃興貿易有限公司 | B4: 新約寄倉 | C4: 白乙君 | D4: 28757.8 | E4: 23070.956 | F4: 0
A5: 凱勝運動訓練有限公司 | B5: 新約寄倉 | C5: 白乙君 | D5: 955.2 | E5: 234.23989 | F5: 0
A6: 三福生技股份有限公司 | B6: 新約寄倉 | C6: 白乙君 | D6: 550.4 | E6: 371.49217 | F6: 0
A7: 大誠益國際實業有限公司 | B7: 新約寄倉 | C7: 張所靜 | D7: 9917.6 | E7: 8269.065 | F7: 0
A8: 錸臻賦食品行 | B8: 轉單 | C8: 白乙君 | D8: 6799 | E8: 4716.05 | F8: 0
A9: 薌園生技股份有限公司 | B9: 新約寄倉 | C9: 白乙君 | D9: 0 | E9: -75.800818 | F9: 0
A10: 樂其國際貿易有限公司 | B10: 新約寄倉 | C10: 白乙君 | D10: 188.8 | E10: 146.185 | F10: 0
A11: 小森國際有限公司 | B11: 新約寄倉 | C11: 白乙君 | D11: 0 | E11: -1.085 | F11: 0
A12: 河洛企業股份有限公司 | B12: 新約寄倉 | C12: 張所靜 | D12: 2652.7 | E12: 2072.735 | F12: 0
A13: 台山好物行 | B13: 新約寄倉 | C13: 白乙君 | D13: 0 | E13: -26.04 | F13: 0
... A278: 嘉優生技股份有限公司 | B278: 新約寄倉 | C278: 謝順平 | D278: 0 | E278: -56.42 | F278: 0
A279: 中樞生技有限公司 | B279: 新約寄倉 | C279: 謝順平 | D279: 0 | E279: -43.4
A280: 雄恆行股份有限公司 | B280: 新約寄倉 | C280: 謝順平 | D280: 751.2 | E280: 488.425 | F280: 0
A281: 芯迪國際有限公司 | B281: 新約寄倉 | C281: 謝順平 | D281: 0 | E281: -26.04 | F281: 0
A282: 寶瓏股份有限公司 | B282: 新約寄倉 | C282: 謝順平 | D282: 2464.8 | E282: 2058.725 | F282: 0
A283: 惟真國際實業有限公司 | B283: 新約寄倉 | C283: 謝順平 | D283: 3008 | E283: 2455.16 | F283: 0
A284: 良品嚴選股份有限公司 | B284: 新約寄倉 | C284: 謝順平 | D284: 0 | E284: -144.6499 | F284: 0
A285: 東祐生技顧問有限公司 | B285: 新約寄倉 | C285: 謝順平 | D285: 3019.2 | E285: 2485.235 | F285: 0
A286: 台灣優杏生物科技股份有限公司 | B286: 新約寄倉 | C286: 謝順平 | D286: 5484 | E286: 4402.52 | F286: 0
A287: 渼實有限公司 | B287: 新約寄倉 | C287: 謝順平 | D287: 588.8 | E287: 405.27955 | F287: 0
A288: 創瑞生醫股份有限公司 | B288: 新約寄倉 | C288: 張所靜 | D288: 1200 | E288: 998.02756 | F288: 0
A289: 愛上大數據股份有限公司 | B289: 轉單 | C289: 張所靜 | D289: 2370 | E289: 1659 | F289: 0
A290: 河洛企業股份有限公司 | B290: 轉單 | C290: 張所靜 | D290: 1599 | E290: 1199.25 | F290: 0
A291: 老妹的灶下有限公司 | B291: 轉單 | C291: 張所靜 | D291: 2998 | E291: 2085.61 | F291: 0
... A350: 麥思有限公司 | B350: 新約寄倉 | C350: 謝順平 | D350: 0 | E350: -35.29361 | F350: 0

Sheet 2022-01
A1: 廠商名稱 | B1: 合作模式 | C1: 負責人 | D1: 貨款加總 | E1: 貨款加總 | F1: 吸收額
A2: 佳格食品股份有限公司 | B2: 舊約寄倉 | C2: 白乙君 | D2: 16784 | E2: 14266.4 | F2: 0
A3: 禹函有限公司 | B3: 轉單 | C3: nikkihsu | D3: 205293.01 | E3: 153969.76 | F3: 0
A4: 弗伊淨有限公司 | B4: 新約寄倉 | C4: 謝順平 | D4: 0 | E4: -72.695 | F4: 0
A5: 萬灃興貿易有限公司 | B5: 新約寄倉 | C5: 白乙君 | D5: 13316.6 | E5: 10382.327 | F5: 6.56
A6: 凱勝運動訓練有限公司 | B6: 新約寄倉 | C6: 白乙君 | D6: 636.8 | E6: -20.35826 | F6: 0
A7: 三福生技股份有限公司 | B7: 新約寄倉 | C7: 白乙君 | D7: 550.4 | E7: 440.77168 | F7: 0
A8: 錸臻賦食品行 | B8: 轉單 | C8: 白乙君 | D8: 4275 | E8: 2992.5 | F8: 0
A9: 薌園生技股份有限公司 | B9: 新約寄倉 | C9: 白乙君 | D9: 0 | E9: -75.800818 | F9: 0
A10: 樂其國際貿易有限公司 | B10: 新約寄倉 | C10: 白乙君 | D10: 188.8 | E10: 125.41 | F10: 0
A11: 小森國際有限公司 | B11: 新約寄倉 | C11: 白乙君 | D11: 0 | E11: -1.085 | F11: 0
A12: 河洛企業股份有限公司 | B12: 新約寄倉 | C12: 張所靜 | D12: 8979 | E12: 7624.2 | F12: 0
A13: 老妹的灶下有限公司 | B13: 轉單 | C13: 張所靜 | D13: 3699 | E13: 2589.3 | F13: 0
... A359: 喬安企業社 | B359: 新約寄倉 | C359: joann.cheng | D359: 0 | E359: -366.49108 | F359: 0

Sheet 2022-02
A1: 廠商名稱 | B1: 合作模式 | C1: 負責人 | D1: 貨款加總 | E1: 應收總和 | F1: 吸收額
A2: 弗伊淨有限公司 | B2: 新約寄倉 | C2: 謝順平 | D2: 1112 | E2: 924.345 | F2: 0
A3: 大大小小行創股份有限公司 | B3: 新約寄倉 | C3: 許芳瑜 | D3: 0 | E3: 0 | F3: 0
A4: 俐馨企業社 | B4: 新約寄倉 | C4: nikkihsu | D4: 0 | E4: 0 | F4: 0
A5: 愛上大數據股份有限公司 | B5: 新約寄倉 | C5: 張所靜 | D5: 0 | E5: 0 | F5: 0
A6: 愛上大數據股份有限公司 | B6: 轉單 | C6: 張所靜 | D6: 0 | E6: 0 | F6: 0
A7: 大誠益國際實業有限公司 | B7: 新約寄倉 | C7: 張所靜 | D7: 20266.4 | E7: 17504.695 | F7: 0
A8: 台山好物行 | B8: 新約寄倉 | C8: nikkihsu | D8: 0 | E8: -11.76 | F8: 0
A9: 河洛企業股份有限公司 | B9: 新約寄倉 | C9: 張所靜 | D9: 11930.32 | E9: 10167.055 | F9: 0
A10: 河洛企業股份有限公司 | B10: 轉單 | C10: 張所靜 | D10: 6319 | E10: 4739.25 | F10: 0
A11: 老妹的灶下有限公司 | B11: 轉單 | C11: 張所靜 | D11: 1299 | E11: 909.3 | F11: 0
A12: 亞仕生醫科技有限公司 | B12: 新約寄倉 | C12: 謝順平 | D12: 2047.5 | E12: 1668.01 | F12: 0
A13: 萬灃興貿易有限公司 | B13: 新約寄倉 | C13: nikkihsu | D13: 14909.08 | E13: 12105.026 | F13: 0
... A449: 旺德電通股份有限公司 | B449: 轉單 | C449: 謝順平 | D449: 3069 | E449: 2465.1 | F449: 0

Sheet 2022-03
A1: 廠商名稱 | B1: 合作模式 | C1: 負責人 | D1: 貨款加總 | E1: 應收總和 | F1: 吸收額
A2: 森宏生技股份有限公司 | B2: 新約寄倉 | C2: 謝順平 | D2: 235600.77 | E2: 198685.13 | F2: 6180.8
A3: 香港商利太有限公司台灣分公司 | B3: 新約寄倉 | C3: nikkihsu | D3: 65413.48 | E3: 50895.087 | F3: 2998.74
A4: 果果堅果企業社 | B4: 新約寄倉 | C4: zoey.li | D4: 769603.47 | E4: 642055.89 | F4: 3231.2
A5: 中景科技股份有限公司 | B5: 新約寄倉 | C5: 謝順平 | D5: 11088 | E5: 9207.7326 | F5: 0
A6: 統一生機開發股份有限公司 | B6: 新約寄倉 | C6: nikkihsu | D6: 65704.92 | E6: 50500.671 | F6: 1994
A7: 三方貿易有限公司 | B7: 新約寄倉 | C7: nikkihsu | D7: 37153.48 | E7: 26742.584 | F7: 1304.8
A8: 艾絲資訊股份有限公司 | B8: 新約寄倉 | C8: eva.chang | D8: 95402.46 | E8: 77497.632 | F8: 1171.02
A9: 皮諾喬有限公司 | B9: 新約寄倉 | C9: eva.chang | D9: 69542.14 | E9: 54550.037 | F9: 1120.5
A10: 三角點品牌顧問有限公司 | B10: 新約寄倉 | C10: 謝順平 | D10: 229900.8 | E10: 198842.57 | F10: 67.2
A11: 易利信興業有限公司 | B11: 新約寄倉 | C11: zoey.li | D11: 10341.8 | E11: 8202.2168 | F11: 0
A12: 特吉國際有限公司 | B12: 新約寄倉 | C12: eva.chang | D12: 69403.94 | E12: 58116.015 | F12: 0
A13: 上寬有限公司 | B13: 新約寄倉 | C13: eva.chang | D13: 26035.35 | E13: 20551.15 | F13: 495.78
... A359: 匹塔國際股份有限公司 | B359: 新約寄倉 | C359: zoey.li | D359: 119498.4 | E359: 98980.213 | F359: 0

Sheet 2022-04
A1: 廠商名稱 | B1: 合作模式 | C1: 負責人 | D1: 貨款加總 | E1: 應收總和 | F1: 吸收額
A2: 弗伊淨有限公司 | B2: 新約寄倉 | C2: 謝順平 | D2: 2163.2 | E2: 1826.78 | F2: 0
A3: 佳格食品股份有限公司 | B3: 舊約寄倉 | C3: nikkihsu | D3: 33602 | E3: 28561.7 | F3: 0
A4: 小森國際有限公司 | B4: 新約寄倉 | C4: eva.chang | D4: 0 | E4: -0.21 | F4: 0
A5: 錸臻賦食品行 | B5: 轉單 | C5: eva.chang | D5: 3332 | E5: 2332.4 | F5: 0
A6: 大誠益國際實業有限公司 | B6: 新約寄倉 | C6: eva.chang | D6: 73325.6 | E6: 63701.325 | F6: 0
A7: 大大小小行創股份有限公司 | B7: 新約寄倉 | C7: 許芳瑜 | D7: 1486.4 | E7: 1112.305 | F7: 0
A8: 河洛企業股份有限公司 | B8: 新約寄倉 | C8: eva.chang | D8: 2424.96 | E8: 1991.78 | F8: 0
A9: 河洛企業股份有限公司 | B9: 轉單 | C9: eva.chang | D9: 7369 | E9: 5526.75 | F9: 0
A10: 老妹的灶下有限公司 | B10: 轉單 | C10: eva.chang | D10: 5928 | E10: 4149.6 | F10: 0
A11: 台山好物行 | B11: 新約寄倉 | C11: nikkihsu | D11: 0 | E11: -12.6 | F11: 0
A12: 亞仕生醫科技有限公司 | B12: 新約寄倉 | C12: 謝順平 | D12: 0 | E12: -26.25 | F12: 0
A13: 萬灃興貿易有限公司 | B13: 新約寄倉 | C13: nikkihsu | D13: 10803.28 | E13: 8887.1418 | F13: 26.5
... A356: 鮪魚肚國際行銷有限公司 | B356: 新約寄倉 | C356: 許芳瑜 | D356: 4662.64 | E356: 3497.0491 | F356: 0

Sheet 2022-05
A1: 廠商名稱 | B1: 合作模式 | C1: 負責人 | D1: 貨款加總 | E1: 應收總和 | F1: 吸收額
A2: 弗伊淨有限公司 | B2: 新約寄倉 | C2: 謝順平 | D2: 1112 | E2: 925.95 | F2: 0
A3: 大誠益國際實業有限公司 | B3: 新約寄倉 | C3: nikkihsu | D3: 125340.8 | E3: 109305.79 | F3: 49.3
A4: 蓋德國際有限公司 | B4: 新約寄倉 | C4: 謝順平 | D4: 7772.96 | E4: 6745.69 | F4: 0
A5: 愛上大數據股份有限公司 | B5: 轉單 | C5: catherine.yeh | D5: 9480 | E5: 6636 | F5: 0
A6: 大大小小行創股份有限公司 | B6: 新約寄倉 | C6: 許芳瑜 | D6: 3416 | E6: 2784.155 | F6: 0
A7: 台山好物行 | B7: 新約寄倉 | C7: nikkihsu | D7: 0 | E7: -7.98 | F7: 0
A8: 錸臻賦食品行 | B8: 轉單 | C8: catherine.yeh | D8: 10937 | E8: 7655.9 | F8: 0
A9: 亞仕生醫科技有限公司 | B9: 新約寄倉 | C9: 謝順平 | D9: 0 | E9: -21.98 | F9: 0
A10: 萬灃興貿易有限公司 | B10: 新約寄倉 | C10: nikkihsu | D10: 15467.92 | E10: 12753.801 | F10: 0
A11: 凱勝運動訓練有限公司 | B11: 新約寄倉 | C11: nikkihsu | D11: 318.4 | E11: -249.73917 | F11: 0
A12: 三福生技股份有限公司 | B12: 新約寄倉 | C12: nikkihsu | D12: 550.4 | E12: 416.41 | F12: 0
A13: 寶草園本草國際有限公司 | B13: 新約寄倉 | C13: 謝順平 | D13: 4498.4 | E13: 3719.62 | F13: 0
... A362: 佳格食品股份有限公司 | B362: 舊約寄倉 | C362: nikkihsu | D362: 23112 | E362: 19645.2 | F362: 0

Sheet 2022-06
A1: 廠商名稱 | B1: 合作模式 | C1: 負責人 | D1: 貨款加總 | E1: 應收總和 | F1: 吸收額
A2: 亞仕生醫科技有限公司 | B2: 新約寄倉 | C2: 謝順平 | D2: 0 | E2: -18.9 | F2: 0
A3: 明奇食品有限公司 | B3: 新約寄倉 | C3: nikkihsu | D3: 10541.6 | E3: 6457.04 | F3: 64
A4: 萬灃興貿易有限公司 | B4: 新約寄倉 | C4: nikkihsu | D4: 7489.9 | E4: 5892.032 | F4: 0
A5: 凱勝運動訓練有限公司 | B5: 新約寄倉 | C5: 謝順平 | D5: 955.2 | E5: 237.96787 | F5: 0
A6: 三福生技股份有限公司 | B6: 新約寄倉 | C6: nikkihsu | D6: 1100.8 | E6: 908.2 | F6: 0
A7: 大誠益國際實業有限公司 | B7: 新約寄倉 | C7: nikkihsu | D7: 77527.201 | E7: 67137.036 | F7: 0
A8: 登薾國際貿易股份有限公司 | B8: 新約寄倉 | C8: 謝順平 | D8: 160 | E8: 38.920868 | F8: 0
A9: 薌園生技股份有限公司 | B9: 新約寄倉 | C9: nikkihsu | D9: 0 | E9: -57.520081 | F9: 0
A10: 樂其國際貿易有限公司 | B10: 新約寄倉 | C10: nikkihsu | D10: 0 | E10: -4.2 | F10: 0
A11: 河洛企業股份有限公司 | B11: 新約寄倉 | C11: catherine.yeh | D11: 15962.12 | E11: 13674.225 | F11: -1.8189894e-12
A12: 亞帝士運動用品 | B12: 新約寄倉 | C12: 周芃葳 | D12: 6813.6 | E12: 5471.27 | F12: 0
A13: 呈芳食品行 | B13: 新約寄倉 | C13: catherine.yeh | D13: 8208 | E13: 5972.3206 | F13: 0
... A177: 啡翔白咖啡坊有限公司 | B177: 新約寄倉 | C177: catherine.yeh | D177: 0 | E177: -9.3076655 | F177: 0
A178: 動健康有限公司 | B178: 新約寄倉 | C178: zoey.li | E178: 13092.262 | F178: 0
A179: 凱勝運動行銷有限公司 | B179: 新約寄倉 | C179: zoey.li | D179: 33773.74 | E179: 27965.185 | F179: 0
A180: 拌伴餐飲有限公司 | B180: 新約寄倉 | C180: catherine.yeh | D180: 0 | E180: -10.5 | F180: 0
A181: 唐承健康事業有限公司 | B181: 新約寄倉 | C181: 謝順平 | D181: 0 | E181: -19.426737 | F181: 0
A182: 鴻懿企業有限公司 | B182: 新約寄倉 | C182: 周芃葳 | D182: 4976.8 | E182: 4064.1208 | F182: 0
A183: 團時有限公司 | B183: 新約寄倉 | C183: catherine.yeh | D183: 0 | E183: -30.598965 | F183: 0
A184: 婕沛國際企業有限公司 | B184: 新約寄倉 | C184: catherine.yeh | D184: 0 | E184: -65.694243 | F184: 0
A185: 邁界有限公司 | B185: 新約寄倉 | C185: catherine.yeh | D185: 8549.62 | E185: 6835.4626 | F185: 0
A186: 晧晟股份有限公司 | B186: 新約寄倉 | C186: zoey.li | D186: 0 | E186: -4.3773068 | F186: 0
A187: 愛達科技有限公司 | B187: 新約寄倉 | C187: catherine.yeh | D187: 0 | E187: -28.35 | F187: 0
A188: 觀薇生醫有限公司 | B188: 新約寄倉 | C188: 謝順平 | D188: 2528 | E188: 2210.255 | F188: 0
A189: 一樂鶴股份有限公司 | B189: 新約寄倉 | C189: 謝順平 | D189: 7936.8 | E189: 6632.1929 | F189: 0
A190: 永恆世成有限公司 | B190: 新約寄倉 | C190: nikkihsu | D190: 11759.2 | E190: 8820.2706 | F190: 64
... A343: 鈞嵐企業有限公司 | B343: 轉單 | C343: eva.chang | D343: 1227 | E343: 858.9 | F343: 0

Sheet 2022-07
A1: 廠商名稱 | B1: 合作模式 | C1: 負責人 | D1: 貨款加總 | E1: 應收總和 | F1: 吸收額
A2: 柏立奧有限公司 | B2: 新約寄倉 | C2: zoey.li | D2: 84691.73 | E2: 71821.75 | F2: 7.2759576e-12
A3: 三角點品牌顧問有限公司 | B3: 新約寄倉 | C3: joann.cheng | D3: 190483 | E3: 165718.05 | F3: 1.1823431e-11
A4: 奕瑪國際行銷股份有限公司 | B4: 新約寄倉 | C4: zoey.li | D4: 66579.85 | E4: 57063.08 | F4: -5.4569682e-12
A5: 友伴生活有限公司 | B5: 新約寄倉 | C5: joann.cheng | D5: 306.2 | E5: 182.91 | F5: 0
A6: 果果堅果企業社 | B6: 新約寄倉 | C6: zoey.li | D6: 716138.32 | E6: 599851.71 | F6: 369.21
A7: 果果堅果企業社 | B7: 轉單 | C7: zoey.li | D7: 12189.001 | E7: 8532.3004 | F7: 0
A8: 沛裕實業有限公司 | B8: 新約寄倉 | C8: joann.cheng | D8: 71104.67 | E8: 56574.51 | F8: -4.5474735e-12
A9: 偉儒國際有限公司 | B9: 新約寄倉 | C9: 周芃葳 | D9: 9405.24 | E9: 7686.54 | F9: 1.39
A10: 自然思維股份有限公司 | B10: 新約寄倉 | C10: catherine.yeh | D10: 42330.171 | E10: 35691.581 | F10: 1.8189894e-12
A11: 廣紘國際股份有限公司 | B11: 新約寄倉 | C11: nikkihsu | D11: 92802.83 | E11: 75745.99 | F11: 207.12
A13: 悠活原力股份有限公司 | B13: 新約寄倉 | C13: joann.cheng | D13: 21302.27 | E13: 17934.76 | F13: 4.5474735e-13
A14: 寰宇生物科技股份有限公司 | B14: 新約寄倉 | C14: joann.cheng | D14: 25652.663 | E14: 21275.423 | F14: -1.1368684e-12
... A314: 森宏生技股份有限公司 | B314: 新約寄倉 | C314: joann.cheng | D314: 216558.45 | E314: 185329.97 | F314: 5.4569682e-12

Sheet 2022-08
A1: 廠商名稱 | B1: 合作模式 | C1: 負責人 | D1: 貨款加總 | E1: 應收總和 | F1: 吸收額
A2: 樂芯生技有限公司 | B2: 新約寄倉 | C2: joann.cheng | D2: 0 | E2: -5.25 | F2: 0
A3: 大誠益國際實業有限公司 | B3: 新約寄倉 | C3: nikkihsu | D3: 111649.4 | E3: 98915.724 | F3: 27.3328
A4: 愛上大數據股份有限公司 | B4: 轉單 | C4: catherine.yeh | D4: 2370 | E4: 1659 | F4: 0
A5: 丹帝洋行有限公司 | B5: 新約寄倉 | C5: nikkihsu | D5: 5672.8 | E5: 4613.75 | F5: 0
A6: 蓋德國際有限公司 | B6: 新約寄倉 | C6: joann.cheng | D6: 3694.08 | E6: 2971.52 | F6: 0
A7: 弗伊淨有限公司 | B7: 新約寄倉 | C7: joann.cheng | D7: 1112 | E7: 949.71 | F7: 0
A8: 凱勝運動訓練有限公司 | B8: 新約寄倉 | C8: joann.cheng | D8: 0 | E8: -440.2 | F8: 0
A9: 錸臻賦食品行 | B9: 轉單 | C9: catherine.yeh | D9: 4807 | E9: 3364.9 | F9: 0
A10: 大大小小行創股份有限公司 | B10: 新約寄倉 | C10: joann.cheng | D10: 814.4 | E10: 490.03 | F10: 0
A11: 萬灃興貿易有限公司 | B11: 新約寄倉 | C11: nikkihsu | D11: 10036.98 | E11: 9487.48 | F11: 0
A12: 三福生技股份有限公司 | B12: 新約寄倉 | C12: nikkihsu | D12: 0 | E12: -12.88 | F12: 0
A13: 寶草園本草國際有限公司 | B13: 新約寄倉 | C13: joann.cheng | D13: 16458.4 | E13: 14067.24 | F13: 0
... A309: 艾絲資訊股份有限公司 | B309: 新約寄倉 | C309: catherine.yeh | D309: 71948 | E309: 71942.49 | F309: 0

Sheet 2022-09
A1: 廠商名稱 | B1: 合作模式 | C1: 負責人 | D1: 貨款加總 | E1: 應收總和 | F1: 吸收額
A2: 饌元有限公司 | B2: 轉單 | C2: 楊若莉 | D2: 1333676.4 | E2: 1333676.4 | F2: 0
A3: 果果堅果企業社 | B3: 新約寄倉 | C3: Jacob Pan | D3: 1036978 | E3: 858572.23 | F3: 5554.4
A4: 樂維根有限公司 | B4: 新約寄倉 | C4: zoey.li | D4: 525735.47 | E4: 420303.76 | F4: 1.1641532e-10
A5: 禹函有限公司 | B5: 轉單 | C5: nikkihsu | D5: 444285.15 | E5: 333213.86 | F5: 0
A6: 森宏生技股份有限公司 | B6: 新約寄倉 | C6: Jacob Pan | D6: 196502.24 | E6: 164773.46 | F6: 3985.2
A7: 健生活股份有限公司 | B7: 新約寄倉 | C7: Jacob Pan | D7: 183456.8 | E7: 158509.31 | F7: 475.2
A8: 青荷國際有限公司 | B8: 新約寄倉 | C8: catherine.yeh | D8: 141890.11 | E8: 107024.24 | F8: 215.66
A9: 廣紘國際股份有限公司 | B9: 新約寄倉 | C9: nikkihsu | D9: 113768.92 | E9: 91219.25 | F9: 103.32
A10: 奕瑪國際行銷股份有限公司 | B10: 新約寄倉 | C10: zoey.li | D10: 110724 | E10: 89720.1 | F10: 0
A11: 柏立奧有限公司 | B11: 新約寄倉 | C11: Jacob Pan | D11: 100153.63 | E11: 79652.908 | F11: 0
A12: 大誠益國際實業有限公司 | B12: 新約寄倉 | C12: nikkihsu | D12: 90334.4 | E12: 77489.77 | F12: 0
A13: 沛裕實業有限公司 | B13: 新約寄倉 | C13: joann.cheng | D13: 102945.84 | E13: 77214.58 | F13: 0
... A296: 河洛企業股份有限公司 | B296: 轉單 | C296: catherine.yeh | D296: 1574 | E296: 1574 | F296: 0

Sheet 2022-10
A1: 廠商名稱 | B1: 合作模式 | C1: 負責人 | D1: 貨款加總 | E1: 應收總和 | F1: 吸收額
A2: 明奇食品有限公司 | B2: 新約寄倉 | C2: catherine.yeh | D2: 11122.4 | E2: 8503.92 | F2: 0
A3: 愛上大數據股份有限公司 | B3: 轉單 | C3: catherine.yeh | D3: 7110 | E3: 4977 | F3: 0
A4: 大誠益國際實業有限公司 | B4: 新約寄倉 | C4: catherine.yeh | D4: 52416.001 | E4: 44426.091 | F4: 23.73312
A5: 錸臻賦食品行 | B5: 轉單 | C5: catherine.yeh | D5: 4030 | E5: 2821 | F5: 0
A6: 登薾國際貿易股份有限公司 | B6: 新約寄倉 | C6: joann.cheng | D6: 15480 | E6: 13082.69 | F6: 0
A7: 河洛企業股份有限公司 | B7: 新約寄倉 | C7: catherine.yeh | D7: 12221.2 | E7: 12112.09 | F7: 0
A8: 河洛企業股份有限公司 | B8: 轉單 | C8: catherine.yeh | D8: 1989 | E8: 1491.75 | F8: 0
A9: 老妹的灶下有限公司 | B9: 轉單 | C9: catherine.yeh | D9: 550 | E9: 385 | F9: 0
A10: 亞帝士運動用品 | B10: 新約寄倉 | C10: 周芃葳 | D10: 16080 | E10: 13110.52 | F10: 0
A11: 寶齡富錦生技股份有限公司 | B11: 新約寄倉 | C11: joann.cheng | D11: 1944 | E11: 1568.6 | F11: 0
A12: 台灣奇亞子股份有限公司 | B12: 新約寄倉 | C12: catherine.yeh | D12: 7758.84 | E12: 6301.79 | F12: 0
A13: 魔咕飲國際生技有限公司 | B13: 新約寄倉 | C13: catherine.yeh | D13: 0 | E13: -41.85 | F13: 0
... A303: 盛禾生醫國際事業有限公司 | B303: 轉單 | C303: Jacob Pan | D303: 586 | E303: 586 | F303: 0

Sheet 2022-11
A1: 廠商名稱 | B1: 合作模式 | C1: 負責人 | D1: 貨款加總 | E1: 應收總和 | F1: 吸收額
A2: 明奇食品有限公司 | B2: 新約寄倉 | C2: catherine.yeh | D2: 11022.8 | E2: 8476 | F2: 0
A3: 萬灃興貿易有限公司 | B3: 新約寄倉 | C3: catherine.yeh | D3: 87.2 | E3: 49.41 | F3: 0
A4: 愛上大數據股份有限公司 | B4: 轉單 | C4: catherine.yeh | D4: 2370 | E4: 1659 | F4: 0
A5: 大誠益國際實業有限公司 | B5: 新約寄倉 | C5: catherine.yeh | D5: 54243.201 | E5: 45839.501 | F5: 0
A6: 錸臻賦食品行 | B6: 轉單 | C6: catherine.yeh | D6: 3332 | E6: 2304.19 | F6: 0
A7: 登薾國際貿易股份有限公司 | B7: 新約寄倉 | C7: joann.cheng | D7: 15840 | E7: 13303.46 | F7: 0
A8: 河洛企業股份有限公司 | B8: 新約寄倉 | C8: catherine.yeh | D8: 789.58 | E8: 578.09 | F8: 0
A9: 河洛企業股份有限公司 | B9: 轉單 | C9: catherine.yeh | D9: 1599 | E9: 1199.25 | F9: 0
A10: 老妹的灶下有限公司 | B10: 轉單 | C10: catherine.yeh | D10: 2699 | E10: 1882.31 | F10: 0
A11: 亞帝士運動用品 | B11: 新約寄倉 | C11: 周芃葳 | D11: 17116.8 | E11: 13789.39 | F11: 0
A12: 呈芳食品行 | B12: 新約寄倉 | C12: catherine.yeh | D12: 2016 | E12: 1457.76 | F12: 0
A13: 寶齡富錦生技股份有限公司 | B13: 新約寄倉 | C13: joann.cheng | D13: 3288 | E13: 2620.23 | F13: 0
... A314: 鉅旺國際股份有限公司 | B314: 新約寄倉 | C314: joann.cheng | D314: 2899 | E314: 2899 | F314: 0

Sheet 2022-12
A1: 廠商名稱 | B1: 合作模式 | C1: 負責人 | D1: 貨款加總 | E1: 應收總和 | F1: 吸收額
A2: 明奇食品有限公司 | B2: 新約寄倉 | C2: catherine.yeh | D2: 18734.4 | E2: 14410.3 | F2: 0
A3: 萬灃興貿易有限公司 | B3: 新約寄倉 | C3: catherine.yeh | D3: 5351.15 | E3: 4324.56 | F3: -4.7295501e-13
A4: 愛上大數據股份有限公司 | B4: 轉單 | C4: catherine.yeh | D4: 4740 | E4: 3318 | F4: 0
A5: 大誠益國際實業有限公司 | B5: 新約寄倉 | C5: catherine.yeh | D5: 49074.402 | E5: 42153.662 | F5: 5.93328
A6: 錸臻賦食品行 | B6: 轉單 | C6: catherine.yeh | D6: 5413 | E6: 3782.12 | F6: 0
A7: 登薾國際貿易股份有限公司 | B7: 新約寄倉 | C7: joann.cheng | D7: 4560 | E7: 3822.37 | F7: 0
A8: 河洛企業股份有限公司 | B8: 新約寄倉 | C8: catherine.yeh | D8: 0 | E8: -51.77 | F8: 0
A9: 老妹的灶下有限公司 | B9: 轉單 | C9: catherine.yeh | D9: 3996 | E9: 2790.21 | F9: 0
A10: 亞帝士運動用品 | B10: 新約寄倉 | C10: 周芃葳 | D10: 8863.2 | E10: 7185.6 | F10: 0
A11: 呈芳食品行 | B11: 新約寄倉 | C11: catherine.yeh | D11: 3168 | E11: 2140.96 | F11: 0
A12: 寶齡富錦生技股份有限公司 | B12: 新約寄倉 | C12: joann.cheng | D12: 1344 | E12: 1029.99 | F12: 0
A13: 台灣奇亞子股份有限公司 | B13: 新約寄倉 | C13: catherine.yeh | D13: 21755.17 | E13: 21682.23 | F13: 0
... A293: 珍桂生物科技有限公司 | B293: 新約寄倉 | C293: catherine.yeh | D293: 345 | E293: 345 | F293: 0

Sheet 2023-01
A1: 廠商名稱 | B1: 合作模式 | C1: 負責人 | D1: 貨款加總 | E1: 應收總和 | F1: 吸收額
A2: 明奇食品有限公司 | B2: 新約寄倉 | C2: catherine.yeh | D2: 39743.2 | E2: 32080.07 | F2: 146.4
A3: 萬灃興貿易有限公司 | B3: 新約寄倉 | C3: catherine.yeh | D3: 4860.59 | E3: 3913.67 | F3: 2.5446312e-13
A4: 大誠益國際實業有限公司 | B4: 新約寄倉 | C4: catherine.yeh | D4: 19816.001 | E4: 17099.191 | F4: 53.39952
A5: 錸臻賦食品行 | B5: 轉單 | C5: catherine.yeh | D5: 3627 | E5: 2538.9 | F5: 0
A6: 登薾國際貿易股份有限公司 | B6: 新約寄倉 | C6: joann.cheng | D6: 5240 | E6: 4443.14 | F6: 0
A7: 河洛企業股份有限公司 | B7: 新約寄倉 | C7: catherine.yeh | D7: 1165.2 | E7: 976.66 | F7: 0
A8: 河洛企業股份有限公司 | B8: 轉單 | C8: catherine.yeh | D8: 2099 | E8: 1574.25 | F8: 0
A9: 老妹的灶下有限公司 | B9: 轉單 | C9: catherine.yeh | D9: 3958 | E9: 2770.6 | F9: 0
A10: 亞帝士運動用品 | B10: 新約寄倉 | C10: 周芃葳 | D10: 6063.2 | E10: 4990.13 | F10: 0
A11: 呈芳食品行 | B11: 新約寄倉 | C11: catherine.yeh | D11: 5126.4 | E11: 3930.01 | F11: 0
A12: 寶齡富錦生技股份有限公司 | B12: 新約寄倉 | C12: joann.cheng | D12: 1872 | E12: 1478.2 | F12: 0
A13: 台灣奇亞子股份有限公司 | B13: 新約寄倉 | C13: catherine.yeh | D13: 0 | E13: -60.28 | F13: 0
... A290: 台劦企業股份有限公司 | B290: 轉單 | C290: joann.cheng | D290: 2800 | E290: 2800 | F290: 0

Sheet 2023-02
A1: 廠商名稱 | B1: 合作模式 | C1: 負責人 | D1: 貨款加總 | E1: 應收總和 | F1: 吸收額
A2: 明奇食品有限公司 | B2: 新約寄倉 | C2: catherine.yeh | D2: 36692.8 | E2: 29080.29 | F2: 0
A3: 萬灃興貿易有限公司 | B3: 新約寄倉 | C3: catherine.yeh | D3: 10824.58 | E3: 8896.7701 | F3: 0
A4: 愛上大數據股份有限公司 | B4: 轉單 | C4: catherine.yeh | D4: 2370 | E4: 1659 | F4: 0
A5: 大誠益國際實業有限公司 | B5: 新約寄倉 | C5: catherine.yeh | D5: 63597.603 | E5: 55331.393 | F5: 0
A6: 錸臻賦食品行 | B6: 轉單 | C6: catherine.yeh | D6: 3877 | E6: 2713.9 | F6: 0
A7: 登薾國際貿易股份有限公司 | B7: 新約寄倉 | C7: joann.cheng | D7: 8000 | E7: 6927.76 | F7: 0
A8: 河洛企業股份有限公司 | B8: 新約寄倉 | C8: catherine.yeh | D8: 799.2 | E8: 656.46 | F8: 0
A9: 河洛企業股份有限公司 | B9: 轉單 | C9: catherine.yeh | D9: 3198 | E9: 2398.5 | F9: 0
A10: 老妹的灶下有限公司 | B10: 轉單 | C10: catherine.yeh | D10: 4307 | E10: 3014.9 | F10: 0
A11: 亞帝士運動用品 | B11: 新約寄倉 | C11: 周芃葳 | D11: 5374.4 | E11: 4368.27 | F11: 0
A12: 呈芳食品行 | B12: 新約寄倉 | C12: catherine.yeh | D12: 1728 | E12: 1298.29 | F12: 0
A13: 寶齡富錦生技股份有限公司 | B13: 新約寄倉 | C13: joann.cheng | D13: 1591.2 | E13: 1324.14 | F13: 0
... A270: 逆風飛翔股份有限公司 | B270: 新約寄倉 | C270: joann.cheng | D270: 400 | E270: 400 | F270: 0

Sheet 2023-03
A1: 廠商名稱 | B1: 合作模式 | C1: 負責人 | D1: 貨款加總 | E1: 應收總和 | F1: 吸收額
A2: 明奇食品有限公司 | B2: 新約寄倉 | C2: catherine.yeh | D2: 65627.2 | E2: 52308.18 | F2: 0
A3: 萬灃興貿易有限公司 | B3: 新約寄倉 | C3: catherine.yeh | D3: 41247.12 | E3: 34084.12 | F3: 9.6
A4: 大誠益國際實業有限公司 | B4: 新約寄倉 | C4: catherine.yeh | D4: 100011.2 | E4: 86783.001 | F4: 5.93328
A5: 錸臻賦食品行 | B5: 轉單 | C5: catherine.yeh | D5: 3179 | E5: 2225.3 | F5: 0
A6: 登薾國際貿易股份有限公司 | B6: 新約寄倉 | C6: joann.cheng | D6: 15200 | E6: 13235.39 | F6: 0
A7: 老妹的灶下有限公司 | B7: 轉單 | C7: catherine.yeh | D7: 1299 | E7: 909.3 | F7: 0
A8: 亞帝士運動用品 | B8: 新約寄倉 | C8: 周芃葳 | D8: 6784 | E8: 5558.76 | F8: 0
A9: 呈芳食品行 | B9: 新約寄倉 | C9: ㄑ | D9: 9000 | E9: 6893.63 | F9: 0
A10: 寶齡富錦生技股份有限公司 | B10: 新約寄倉 | C10: joann.cheng | D10: 4616.8 | E10: 3892.74 | F10: 0
A11: 台灣奇亞子股份有限公司 | B11: 新約寄倉 | C11: catherine.yeh | D11: 0 | E11: -89.59 | F11: 0
A12: 百歐新創食品科技有限公司 | B12: 轉單 | C12: catherine.yeh | D12: 940 | E12: 658 | F12: 0
A13: 魔咕飲國際生技有限公司 | B13: 新約寄倉 | C13: catherine.yeh | D13: 0 | E13: -52.08 | F13: 0
... A250: 琪祥國際有限公司 | B250: 轉單 | C250: catherine.yeh | D250: 600 | E250: 600 | F250: 0
A251: 果利生技有限公司 | B251: 轉單合約 | C251: vivi.huang | D251: 5311 | E251: 1222 | F251: 0 | G251: 106 | H251: 425 | I251: 0 | J251: 0 | K251: 0 | L251: 0 | M251: 0 | N251: https://docs.google.com/spreadsheets/d/1oVg9zHv-3sNnyYrmd58_gSKdzwNVIDiOoG3jzhpF8UA

Sheet 2023-04
A1: 廠商名稱 | B1: 合作模式 | C1: 負責人 | D1: 貨款加總 | E1: 應收總和 | F1: 吸收額
A2: 明奇食品有限公司 | B2: 新約寄倉 | C2: catherine.yeh | D2: 33792 | E2: 26508.73 | F2: 0
A3: 萬灃興貿易有限公司 | B3: 新約寄倉 | C3: catherine.yeh | D3: 44161.02 | E3: 36344 | F3: 31.9
A4: 大誠益國際實業有限公司 | B4: 新約寄倉 | C4: catherine.yeh | D4: 66883.203 | E4: 58174.433 | F4: 5.46656
A5: 登薾國際貿易股份有限公司 | B5: 新約寄倉 | C5: vivi.huang | D5: 4000 | E5: 3437.68 | F5: 0
A6: 亞帝士運動用品 | B6: 新約寄倉 | C6: 周芃葳 | D6: 4654.4 | E6: 3791.67 | F6: 0
A7: 呈芳食品行 | B7: 新約寄倉 | C7: catherine.yeh | D7: 3240 | E7: 2289.6 | F7: 0
A8: 寶齡富錦生技股份有限公司 | B8: 新約寄倉 | C8: vivi.huang | D8: 6490.4 | E8: 6052.24 | F8: -4.5474735e-13
A9: 台灣奇亞子股份有限公司 | B9: 新約寄倉 | C9: catherine.yeh | D9: 0 | E9: -86.7 | F9: 0
A10: 魔咕飲國際生技有限公司 | B10: 新約寄倉 | C10: catherine.yeh | D10: 0 | E10: -50.4 | F10: 0
A11: 魔咕飲國際生技有限公司 | B11: 轉單 | C11: catherine.yeh | D11: 3147 | E11: 2202.9 | F11: 0
A12: 鑫欣羿股份有限公司 | B12: 新約寄倉 | C12: catherine.yeh | D12: 81432.914 | E12: 68607.684 | F12: 22.458282
A13: 柏立奧有限公司 | B13: 新約寄倉 | C13: vivi.huang | D13: 159259.05 | E13: 129941.34 | F13: 0
... A234: 黃董創藝實業有限公司 | B234: 轉單 | C234: ashley.lin | D234: 896 | E234: 896 | F234: 0

Sheet 2023-05
A1: 廠商名稱 | B1: 合作模式 | C1: 負責人 | D1: 貨款加總 | E1: 應收總和 | F1: 吸收額
A2: 明奇食品有限公司 | B2: 新約寄倉 | C2: catherine.yeh | D2: 67067.2 | E2: 53886.05 | F2: 8.8
A3: 萬灃興貿易有限公司 | B3: 新約寄倉 | C3: catherine.yeh | D3: 61632.1 | E3: 50865.66 | F3: 0
A4: 大誠益國際實業有限公司 | B4: 新約寄倉 | C4: catherine.yeh | D4: 145064.01 | E4: 126955.75 | F4: 5.93328
A5: 錸臻賦食品行 | B5: 轉單 | C5: catherine.yeh | D5: 3764 | E5: 2634.8 | F5: 0
A6: 登薾國際貿易股份有限公司 | B6: 新約寄倉 | C6: vivi.huang | D6: 13280 | E6: 11399.4 | F6: 0
A7: 老妹的灶下有限公司 | B7: 轉單 | C7: catherine.yeh | D7: 3239 | E7: 2267.3 | F7: 0
A8: 亞帝士運動用品 | B8: 新約寄倉 | C8: 周芃葳 | D8: 5423.2 | E8: 4385.36 | F8: 0
A9: 呈芳食品行 | B9: 新約寄倉 | C9: catherine.yeh | D9: 9072 | E9: 6842.08 | F9: 0
A10: 寶齡富錦生技股份有限公司 | B10: 新約寄倉 | C10: vivi.huang | D10: 9376.8 | E10: 7921.77 | F10: 0
A11: 台灣奇亞子股份有限公司 | B11: 新約寄倉 | C11: catherine.yeh | D11: 0 | E11: -88.85 | F11: 0
A12: 魔咕飲國際生技有限公司 | B12: 新約寄倉 | C12: catherine.yeh | D12: 806.4 | E12: 607.73 | F12: 0
A13: 魔咕飲國際生技有限公司 | B13: 轉單 | C13: catherine.yeh | D13: 2016 | E13: 1411.2 | F13: 0
... A226: 駿霈國際有限公司 | B226: 轉單 | C226: 白乙君 | D226: 1199 | E226: 1199 | F226: 0

Sheet 2023-06
A1: 廠商名稱 | B1: 合作模式 | C1: 負責人 | D1: 貨款加總 | E1: 應收總和 | F1: 吸收額
A2: 明奇食品有限公司 | B2: 新約寄倉 | C2: catherine.yeh | D2: 41747.2 | E2: 32936.61 | F2: 0
A3: 萬灃興貿易有限公司 | B3: 新約寄倉 | C3: catherine.yeh | D3: 32660 | E3: 26550.73 | F3: 3.2
A4: 大誠益國際實業有限公司 | B4: 新約寄倉 | C4: catherine.yeh | D4: 44787.201 | E4: 39004.091 | F4: 10.93312
A5: 錸臻賦食品行 | B5: 轉單 | C5: catherine.yeh | D5: 8405 | E5: 5883.5 | F5: 0
A6: 登薾國際貿易股份有限公司 | B6: 新約寄倉 | C6: vivi.huang | D6: 8680 | E6: 7561.08 | F6: 0
A7: 亞帝士運動用品 | B7: 新約寄倉 | C7: 周芃葳 | D7: 6228 | E7: 4895.49 | F7: 0
A8: 呈芳食品行 | B8: 新約寄倉 | C8: catherine.yeh | D8: 5443.2 | E8: 3920.38 | F8: 0
A9: 寶齡富錦生技股份有限公司 | B9: 新約寄倉 | C9: vivi.huang | D9: 8004 | E9: 6644.86 | F9: 0
A10: 台灣奇亞子股份有限公司 | B10: 新約寄倉 | C10: catherine.yeh | D10: 0 | E10: -64.5 | F10: 0
A11: 百歐新創食品科技有限公司 | B11: 轉單 | C11: catherine.yeh | D11: 800 | E11: 560 | F11: 0
A12: 魔咕飲國際生技有限公司 | B12: 新約寄倉 | C12: catherine.yeh | D12: 0 | E12: -44.1 | F12: 0
A13: 魔咕飲國際生技有限公司 | B13: 轉單 | C13: catherine.yeh | D13: 2880 | E13: 2016 | F13: 0
... A217: 芮斯特有限公司 | B217: 新約寄倉 | C217: vivi.huang | D217: 3231.69 | E217: 2732.28 | F217: 0

Sheet 2023-07(89錯誤)
A1: 廠商名稱 | B1: 合作模式 | C1: 負責人 | D1: 銷售總額 | E1: 抽成 | F1: 平台維護費 | G1: 金流處理費 | H1: 行銷推廣費 | I1: 活動贊助費 | J1: 訂單處理費 | K1: 運費攤提 | L1: 吸收額 | M1: 報表連結
A2: 愛上大數據股份有限公司 | B2: 轉單合約 | C2: catherine.yeh | D2: 4740 | E2: 948 | F2: 0 | G2: 95 | H2: 379 | I2: 0 | J2: 0 | K2: 0 | L2: 3792 | M2: https://docs.google.com/spreadsheets/d/1OnQ6SLJANgfBLM5_6dIRX-RWP-MTTc7sfl8lYzZiRgY
A3: 大誠益國際實業有限公司 | B3: 寄倉新約 | C3: catherine.yeh | D3: 52615 | E3: 10523 | F3: 263 | G3: 1052 | H3: 1841 | I3: 1315 | J3: 450 | K3: 447 | L3: 0 | M3: https://docs.google.com/spreadsheets/d/1uP2FYqWSRQs9idDxInBcw6iYckaO6r7i_7Ettp2-0vs
A4: 錸臻賦食品行 | B4: 轉單合約 | C4: catherine.yeh | D4: 6639 | E4: 1328 | F4: 0 | G4: 133 | H4: 531 | I4: 0 | J4: 0 | K4: 0 | L4: 5311 | M4: https://docs.google.com/spreadsheets/d/1kQUcmKu2VKQEyL_H44mUlC9mG-oCNX0ydbIWGzU7lJk
A5: 明奇食品有限公司 | B5: 寄倉新約 | C5: catherine.yeh | D5: 37537 | E5: 7507 | F5: 187 | G5: 750 | H5: 1313 | I5: 939 | J5: 1280 | K5: 901 | L5: 0 | M5: https://docs.google.com/spreadsheets/d/1YH4p5MPBySx9lBSJqMPDvlaPGIOpMkBblyqcbwm3xN0
A6: 登薾國際貿易股份有限公司 | B6: 寄倉新約 | C6: vivi.huang | D6: 7100 | E6: 1420 | F6: 36 | G6: 142 | H6: 249 | I6: 178 | J6: 13 | K6: 135 | L6: 0 | M6: https://docs.google.com/spreadsheets/d/1xqe0sEiqLsVU9GtxkEo2GSYHavRmNg0AAd6qOac2Z-s
A7: 萬灃興貿易有限公司 | B7: 寄倉新約 | C7: catherine.yeh | D7: 37455 | E7: 7695 | F7: 185 | G7: 748 | H7: 1310 | I7: 936 | J7: 306 | K7: 1583 | L7: 7 | M7: https://docs.google.com/spreadsheets/d/1JSyons7JUyAqtECbpa1TWIZSyQCjHFTsfbgOMcry_OA
A8: 亞帝士運動用品 | B8: 寄倉新約 | C8: 周芃葳 | D8: 1979 | E8: 396 | F8: 9 | G8: 40 | H8: 69 | I8: 49 | J8: 15 | K8: 17 | L8: 0 | M8: https://docs.google.com/spreadsheets/d/1qAN7o47Y8iuS_fp2yLmYqxgZwx3v_wWGITqwYqueB6Y
A9: 呈芳食品行 | B9: 寄倉新約 | C9: catherine.yeh | D9: 4374 | E9: 875 | F9: 22 | G9: 87 | H9: 153 | I9: 109 | J9: 135 | K9: 305 | L9: 0 | M9: https://docs.google.com/spreadsheets/d/1TV2-2kCWldeDp_-UT2fEWPua75KOCXt1Q7-9FT2iFro
A10: 寶齡富錦生技股份有限公司 | B10: 寄倉新約 | C10: vivi.huang | D10: 13476 | E10: 2695 | F10: 68 | G10: 270 | H10: 473 | I10: 338 | J10: 280 | K10: 161 | L10: 0 | M10: https://docs.google.com/spreadsheets/d/1odWE6A1q9sfIZWoG0rdzOwZOkJRtUQjvdOyPs7Ozkt4
A11: 台灣奇亞子股份有限公司 | B11: 寄倉新約 | C11: catherine.yeh | D11: 0 | E11: 0 | F11: 0 | G11: 0 | H11: 0 | I11: 0 | J11: 0 | K11: 0 | L11: 0 | M11: https://docs.google.com/spreadsheets/d/19DF0ijQUbSJp6VfjRoD1Du3NYSiDJG9xrQyhFHnmgnY
A12: 魔咕飲國際生技有限公司 | B12: 寄倉新約 | C12: catherine.yeh | D12: 0 | E12: 0 | F12: 0 | G12: 0 | H12: 0 | I12: 0 | J12: 0 | K12: 0 | L12: 0 | M12: https://docs.google.com/spreadsheets/d/1xPINU6eHTUEWdQ8tf8s9mca_bwWOHLkxpIjyzAgl29M
A13: 魔咕飲國際生技有限公司 | B13: 轉單合約 | C13: catherine.yeh | D13: 1440 | E13: 288 | F13: 0 | G13: 29 | H13: 115 | I13: 0 | J13: 0 | K13: 0 | L13: 1152 | M13: https://docs.google.com/spreadsheets/d/1OQSPM5zEN9D175z6-bVa0ZkisKUmK9Ji8td-Mg78HDQ
... A213: 聖倪國際有限公司 | B213: 寄倉新約 | C213: catherine.yeh | D213: 0 | E213: 0 | F213: 0 | G213: 0 | H213: 0 | I213: 0 | J213: 0 | K213: 0 | L213: 0 | M213: https://docs.google.com/spreadsheets/d/1PB01jgEUA5dom2l7t24MBQE_JS_G_EYLtWfjOkotVsE

Sheet 2023-07
A1: 廠商名稱 | B1: 合作模式 | C1: 負責人 | D1: 銷售總額 | E1: 抽成 | F1: 平台維護費 | G1: 金流處理費 | H1: 行銷推廣費 | I1: 活動贊助費 | J1: 訂單處理費 | K1: 運費攤提 | L1: 人工處理費 | M1: 倉租加總 | N1: 吸收額 | O1: 報表連結 | R1: {=INDEX('2023-07(89錯誤)'!$D:$D, MATCH(1, ('2023-07(89錯誤)'!$A:$A=A1)*('2023-07(89錯誤)'!$B:$B=B1), 0))} -> 銷售總額 | S1: 差異金額
A2: 健生活股份有限公司 | B2: 寄倉新約 | C2: vivi.huang | D2: 317683 | E2: 63537 | F2: 1589 | G2: 6350 | H2: 11122 | I2: 7947 | J2: 2910 | K2: 4841 | L2: 2910 | M2: 4017 | N2: 0 | O2: https://docs.google.com/spreadsheets/d/1hMujVVjXcAlHayPGbfHgl4_SU_S9rX9bfkaKjkpeghI | R2: {=INDEX('2023-07(89錯誤)'!$D:$D, MATCH(1, ('2023-07(89錯誤)'!$A:$A=A2)*('2023-07(89錯誤)'!$B:$B=B2), 0))} -> 1271321 | S2: =R2-D2 -> 953638
A3: 森宏生技股份有限公司 | B3: 寄倉新約 | C3: vivi.huang | D3: 201690 | E3: 38252 | F3: 1008 | G3: 4039 | H3: 7061 | I3: 5045 | J3: 3995 | K3: 2499 | L3: 3995 | M3: 1005 | N3: 0 | O3: https://docs.google.com/spreadsheets/d/1qZ7OxGjqt56luc8DZEz5g4MF8LoCQQiITOnMh7kr7BA | R3: {=INDEX('2023-07(89錯誤)'!$D:$D, MATCH(1, ('2023-07(89錯誤)'!$A:$A=A3)*('2023-07(89錯誤)'!$B:$B=B3), 0))} -> 201690 | S3: =R3-D3 -> 0
A4: 果果堅果企業社 | B4: 寄倉新約 | C4: vivi.huang | D4: 1375168 | E4: 282085 | F4: 6873 | G4: 27513 | H4: 48139 | I4: 34381 | J4: 0 | K4: 49852 | L4: 0 | M4: 7674 | N4: -2097.1 | O4: https://docs.google.com/spreadsheets/d/1k6WNFdUcdTW-ylODSWGnVD6QFQXyTZL0DQDOY5I3f9A | R4: {=INDEX('2023-07(89錯誤)'!$D:$D, MATCH(1, ('2023-07(89錯誤)'!$A:$A=A4)*('2023-07(89錯誤)'!$B:$B=B4), 0))} -> 1375168 | S4: =R4-D4 -> 0
A5: 佳格食品股份有限公司 | B5: 寄倉舊約 | C5: catherine.yeh | D5: 5756 | E5: 863 | F5: 0 | G5: 0 | H5: 0 | I5: 0 | J5: 0 | K5: 0 | L5: 0 | M5: 0 | N5: 0 | O5: https://docs.google.com/spreadsheets/d/1MiOXYXGdZol6-_z-yStCUuSSBOQ1aY_WKxJCqTe06vA | R5: {=INDEX('2023-07(89錯誤)'!$D:$D, MATCH(1, ('2023-07(89錯誤)'!$A:$A=A5)*('2023-07(89錯誤)'!$B:$B=B5), 0))} -> 12567 | S5: =R5-D5 -> 6811 | U5: =SUM(S:S) -> 959043
A6: 喬山健康科技股份有限公司東大分公司 | B6: 寄倉新約 | C6: catherine.yeh | D6: 3991 | E6: 720 | F6: 20 | G6: 81 | H6: 139 | I6: 102 | J6: 10 | K6: 402 | L6: 10 | M6: 421 | N6: -566 | O6: https://docs.google.com/spreadsheets/d/1Xwd0gkimhGz7rCATqksp0Yuy6ELblWw1Yv6KokNP8Jk | R6: {=INDEX('2023-07(89錯誤)'!$D:$D, MATCH(1, ('2023-07(89錯誤)'!$A:$A=A6)*('2023-07(89錯誤)'!$B:$B=B6), 0))} -> 11315 | S6: =R6-D6 -> 7324
A7: 明奇食品有限公司 | B7: 寄倉新約 | C7: catherine.yeh | D7: 37537 | E7: 7507 | F7: 187 | G7: 750 | H7: 1313 | I7: 939 | J7: 1280 | K7: 901 | L7: 1280 | M7: 509 | N7: 0 | O7: https://docs.google.com/spreadsheets/d/1YH4p5MPBySx9lBSJqMPDvlaPGIOpMkBblyqcbwm3xN0 | R7: {=INDEX('2023-07(89錯誤)'!$D:$D, MATCH(1, ('2023-07(89錯誤)'!$A:$A=A7)*('2023-07(89錯誤)'!$B:$B=B7), 0))} -> 37537 | S7: =R7-D7 -> 0
A8: 萬灃興貿易有限公司 | B8: 寄倉新約 | C8: catherine.yeh | D8: 37455 | E8: 7695 | F8: 185 | G8: 748 | H8: 1310 | I8: 936 | J8: 306 | K8: 1583 | L8: 306 | M8: 237 | N8: 0 | O8: https://docs.google.com/spreadsheets/d/1JSyons7JUyAqtECbpa1TWIZSyQCjHFTsfbgOMcry_OA | R8: {=INDEX('2023-07(89錯誤)'!$D:$D, MATCH(1, ('2023-07(89錯誤)'!$A:$A=A8)*('2023-07(89錯誤)'!$B:$B=B8), 0))} -> 37455 | S8: =R8-D8 -> 0
A9: 愛上大數據股份有限公司 | B9: 轉單合約 | C9: catherine.yeh | D9: 4740 | E9: 948 | F9: 0 | G9: 95 | H9: 379 | I9: 0 | J9: 0 | K9: 0 | L9: 0 | M9: 0 | N9: 0 | O9: https://docs.google.com/spreadsheets/d/1OnQ6SLJANgfBLM5_6dIRX-RWP-MTTc7sfl8lYzZiRgY | R9: {=INDEX('2023-07(89錯誤)'!$D:$D, MATCH(1, ('2023-07(89錯誤)'!$A:$A=A9)*('2023-07(89錯誤)'!$B:$B=B9), 0))} -> 4740 | S9: =R9-D9 -> 0
A10: 大誠益國際實業有限公司 | B10: 寄倉新約 | C10: catherine.yeh | D10: 52615 | E10: 10523 | F10: 263 | G10: 1052 | H10: 1841 | I10: 1315 | J10: 450 | K10: 447 | L10: 450 | M10: 86 | N10: 0 | O10: https://docs.google.com/spreadsheets/d/1uP2FYqWSRQs9idDxInBcw6iYckaO6r7i_7Ettp2-0vs | R10: {=INDEX('2023-07(89錯誤)'!$D:$D, MATCH(1, ('2023-07(89錯誤)'!$A:$A=A10)*('2023-07(89錯誤)'!$B:$B=B10), 0))} -> 52615 | S10: =R10-D10 -> 0
A11: 錸臻賦食品行 | B11: 轉單合約 | C11: catherine.yeh | D11: 6639 | E11: 1328 | F11: 0 | G11: 133 | H11: 531 | I11: 0 | J11: 0 | K11: 0 | L11: 0 | M11: 0 | N11: 0 | O11: https://docs.google.com/spreadsheets/d/1kQUcmKu2VKQEyL_H44mUlC9mG-oCNX0ydbIWGzU7lJk | R11: {=INDEX('2023-07(89錯誤)'!$D:$D, MATCH(1, ('2023-07(89錯誤)'!$A:$A=A11)*('2023-07(89錯誤)'!$B:$B=B11), 0))} -> 6639 | S11: =R11-D11 -> 0
A12: 登薾國際貿易股份有限公司 | B12: 寄倉新約 | C12: vivi.huang | D12: 7100 | E12: 1420 | F12: 36 | G12: 142 | H12: 249 | I12: 178 | J12: 13 | K12: 135 | L12: 13 | M12: 58 | N12: 0 | O12: https://docs.google.com/spreadsheets/d/1xqe0sEiqLsVU9GtxkEo2GSYHavRmNg0AAd6qOac2Z-s | R12: {=INDEX('2023-07(89錯誤)'!$D:$D, MATCH(1, ('2023-07(89錯誤)'!$A:$A=A12)*('2023-07(89錯誤)'!$B:$B=B12), 0))} -> 7100 | S12: =R12-D12 -> 0
A13: 亞帝士運動用品 | B13: 寄倉新約 | C13: 周芃葳 | D13: 1979 | E13: 396 | F13: 9 | G13: 40 | H13: 69 | I13: 49 | J13: 15 | K13: 17 | L13: 15 | M13: 55 | N13: 0 | O13: https://docs.google.com/spreadsheets/d/1qAN7o47Y8iuS_fp2yLmYqxgZwx3v_wWGITqwYqueB6Y | R13: {=INDEX('2023-07(89錯誤)'!$D:$D, MATCH(1, ('2023-07(89錯誤)'!$A:$A=A13)*('2023-07(89錯誤)'!$B:$B=B13), 0))} -> 1979 | S13: =R13-D13 -> 0
A14: 呈芳食品行 | B14: 寄倉新約 | C14: catherine.yeh | D14: 4374 | E14: 875 | F14: 22 | G14: 87 | H14: 153 | I14: 109 | J14: 135 | K14: 305 | L14: 135 | M14: 34 | N14: 0 | O14: https://docs.google.com/spreadsheets/d/1TV2-2kCWldeDp_-UT2fEWPua75KOCXt1Q7-9FT2iFro | R14: {=INDEX('2023-07(89錯誤)'!$D:$D, MATCH(1, ('2023-07(89錯誤)'!$A:$A=A14)*('2023-07(89錯誤)'!$B:$B=B14), 0))} -> 4374 | S14: =R14-D14 -> 0
A15: 寶齡富錦生技股份有限公司 | B15: 寄倉新約 | C15: vivi.huang | D15: 13476 | E15: 2695 | F15: 68 | G15: 270 | H15: 473 | I15: 338 | J15: 280 | K15: 161 | L15: 280 | M15: 51 | N15: 0 | O15: https://docs.google.com/spreadsheets/d/1odWE6A1q9sfIZWoG0rdzOwZOkJRtUQjvdOyPs7Ozkt4 | R15: {=INDEX('2023-07(89錯誤)'!$D:$D, MATCH(1, ('2023-07(89錯誤)'!$A:$A=A15)*('2023-07(89錯誤)'!$B:$B=B15), 0))} -> 13476 | S15: =R15-D15 -> 0
A16: 台灣奇亞子股份有限公司 | B16: 寄倉新約 | C16: catherine.yeh | D16: 0 | E16: 0 | F16: 0 | G16: 0 | H16: 0 | I16: 0 | J16: 0 | K16: 0 | L16: 0 | M16: 61 | N16: 0 | O16: https://docs.google.com/spreadsheets/d/19DF0ijQUbSJp6VfjRoD1Du3NYSiDJG9xrQyhFHnmgnY | R16: {=INDEX('2023-07(89錯誤)'!$D:$D, MATCH(1, ('2023-07(89錯誤)'!$A:$A=A16)*('2023-07(89錯誤)'!$B:$B=B16), 0))} -> 0 | S16: =R16-D16 -> 0
A17: 魔咕飲國際生技有限公司 | B17: 寄倉新約 | C17: catherine.yeh | D17: 0 | E17: 0 | F17: 0 | G17: 0 | H17: 0 | I17: 0 | J17: 0 | K17: 0 | L17: 0 | M17: 32 | N17: 0 | O17: https://docs.google.com/spreadsheets/d/1xPINU6eHTUEWdQ8tf8s9mca_bwWOHLkxpIjyzAgl29M | R17: {=INDEX('2023-07(89錯誤)'!$D:$D, MATCH(1, ('2023-07(89錯誤)'!$A:$A=A17)*('2023-07(89錯誤)'!$B:$B=B17), 0))} -> 0 | S17: =R17-D17 -> 0
... A73: 百鎰生物科技有限公司 | B73: 轉單合約 | C73: vivi.huang | D73: 1200 | E73: 240 | F73: 0 | G73: 24 | H73: 96 | I73: 0 | J73: 0 | K73: 0 | L73: 0 | M73: 0 | N73: 0 | O73: https://docs.google.com/spreadsheets/d/1f-icampFpQBuGkpJt31PCIPEVZse7d802bZip3_6m30 | R73: {=INDEX('2023-07(89錯誤)'!$D:$D, MATCH(1, ('2023-07(89錯誤)'!$A:$A=A73)*('2023-07(89錯誤)'!$B:$B=B73), 0))} -> 1200 | S73: =R73-D73 -> 0
A74: 偉溢國際開發有限公司 | B74: 寄倉新約 | C74: 周芃葳 | D74: 10830 | E74: 2166 | F74: 51 | G74: 220 | H74: 381 | I74: 271 | J74: 150 | K74: 544 | L74: 150 | M74: 417 | N74: 0 | O74: https://docs.google.com/spreadsheets/d/18yz1rvgsxkkGe0oCpgQOeQ827pTjlp4K65pfLZEFNr4 | R74: {=IFNA(INDEX('2023-07(89錯誤)'!$D:$D, MATCH(1, ('2023-07(89錯誤)'!$A:$A=A74)*('2023-07(89錯誤)'!$B:$B=B74), 0)),0)} -> 0 | S74: =R74-D74 -> -10830
A75: 特德寶有限公司 | B75: 寄倉新約 | C75: catherine.yeh | D75: 8070 | E75: 1648 | F75: 40 | G75: 162 | H75: 282 | I75: 201 | J75: 305 | K75: 288 | L75: 305 | M75: 463 | N75: 0 | O75: https://docs.google.com/spreadsheets/d/1W49lqodlVaGD0w1-hXiQz_Rm5O6NG7ySrJE9juIMhAQ | R75: {=INDEX('2023-07(89錯誤)'!$D:$D, MATCH(1, ('2023-07(89錯誤)'!$A:$A=A75)*('2023-07(89錯誤)'!$B:$B=B75), 0))} -> 8070 | S75: =R75-D75 -> 0
A76: 楓香林生活科技有限公司 | B76: 寄倉新約 | C76: vivi.huang | D76: 0 | E76: 0 | F76: 0 | G76: 0 | H76: 0 | I76: 0 | J76: 0 | K76: 0 | L76: 0 | M76: 17 | N76: 0 | O76: https://docs.google.com/spreadsheets/d/1Szj4arZTMUfG0dHdnyal0_C8i1Y9LnO190ObPNebruI | R76: {=INDEX('2023-07(89錯誤)'!$D:$D, MATCH(1, ('2023-07(89錯誤)'!$A:$A=A76)*('2023-07(89錯誤)'!$B:$B=B76), 0))} -> 0 | S76: =R76-D76 -> 0
A77: 寰宇生物科技股份有限公司 | B77: 寄倉新約 | C77: vivi.huang | D77: 48071 | E77: 9589 | F77: 241 | G77: 963 | H77: 1683 | I77: 1202 | J77: 1720 | K77: 693 | L77: 1720 | M77: 144 | N77: 0 | O77: https://docs.google.com/spreadsheets/d/1vFfiBLRuhv81f9gUhgzFxxXc9GNPP7LNet_EUFKTMkw | R77: {=INDEX('2023-07(89錯誤)'!$D:$D, MATCH(1, ('2023-07(89錯誤)'!$A:$A=A77)*('2023-07(89錯誤)'!$B:$B=B77), 0))} -> 48071 | S77: =R77-D77 -> 0
A78: 嘉優生技股份有限公司 | B78: 寄倉新約 | C78: vivi.huang | D78: 0 | E78: 0 | F78: 0 | G78: 0 | H78: 0 | I78: 0 | J78: 0 | K78: 0 | L78: 0 | M78: 38 | N78: 0 | O78: https://docs.google.com/spreadsheets/d/1nBSF-8TKYib8iCeoi46P515ZPAnDWX_Kes0qMxy0XQU | R78: {=INDEX('2023-07(89錯誤)'!$D:$D, MATCH(1, ('2023-07(89錯誤)'!$A:$A=A78)*('2023-07(89錯誤)'!$B:$B=B78), 0))} -> 0 | S78: =R78-D78 -> 0
A79: 新三觀股份有限公司 | B79: 寄倉新約 | C79: vivi.huang | D79: 0 | E79: 0 | F79: 0 | G79: 0 | H79: 0 | I79: 0 | J79: 0 | K79: 0 | L79: 0 | M79: 32 | N79: 0 | O79: https://docs.google.com/spreadsheets/d/1doOEyOvIUGzYhB17q68xTmvyrNZg-CzNPfiNPNM4nkM | R79: {=INDEX('2023-07(89錯誤)'!$D:$D, MATCH(1, ('2023-07(89錯誤)'!$A:$A=A79)*('2023-07(89錯誤)'!$B:$B=B79), 0))} -> 0 | S79: =R79-D79 -> 0
A80: 中樞生技股份有限公司 | B80: 寄倉新約 | C80: vivi.huang | D80: 0 | E80: 0 | F80: 0 | G80: 0 | H80: 0 | I80: 0 | J80: 0 | K80: 0 | L80: 0 | M80: 3 | N80: 0 | O80: https://docs.google.com/spreadsheets/d/1xZ6cwRqCvVavQqTxbojGtRM1ySB9MRyt_591pRvW5oM | R80: {=INDEX('2023-07(89錯誤)'!$D:$D, MATCH(1, ('2023-07(89錯誤)'!$A:$A=A80)*('2023-07(89錯誤)'!$B:$B=B80), 0))} -> 0 | S80: =R80-D80 -> 0
A81: 大數行銷有限公司 | B81: 寄倉新約 | C81: vivi.huang | D81: 1080 | E81: 216 | F81: 5 | G81: 22 | H81: 38 | I81: 27 | J81: 10 | K81: 11 | L81: 10 | M81: 34 | N81: 0 | O81: https://docs.google.com/spreadsheets/d/17etuuBmFyk4igcUQsAEm2c6TRJBGytnDes9l3uVFDP8 | R81: {=INDEX('2023-07(89錯誤)'!$D:$D, MATCH(1, ('2023-07(89錯誤)'!$A:$A=A81)*('2023-07(89錯誤)'!$B:$B=B81), 0))} -> 1080 | S81: =R81-D81 -> 0
A82: 家酪優企業有限公司 | B82: 寄倉新約 | C82: vivi.huang | D82: 31192 | E82: 7174 | F82: 156 | G82: 624 | H82: 1092 | I82: 780 | J82: 680 | K82: 325 | L82: 680 | M82: 20 | N82: -16992 | O82: https://docs.google.com/spreadsheets/d/1aBe5xue8b21fXVFZtDXRRdO0Ot28bHkR5hlSmgOWy-M | R82: {=INDEX('2023-07(89錯誤)'!$D:$D, MATCH(1, ('2023-07(89錯誤)'!$A:$A=A82)*('2023-07(89錯誤)'!$B:$B=B82), 0))} -> 31192 | S82: =R82-D82 -> 0
A83: 寶瓏股份有限公司 | B83: 寄倉新約 | C83: vivi.huang | D83: 0 | E83: 0 | F83: 0 | G83: 0 | H83: 0 | I83: 0 | J83: 0 | K83: 0 | L83: 0 | M83: 15 | N83: 0 | O83: https://docs.google.com/spreadsheets/d/1o3T0Vmk1yswpjEVgAS2fjrrFtYGJs_d6cbqysHJm37s | R83: {=INDEX('2023-07(89錯誤)'!$D:$D, MATCH(1, ('2023-07(89錯誤)'!$A:$A=A83)*('2023-07(89錯誤)'!$B:$B=B83), 0))} -> 0 | S83: =R83-D83 -> 0
A84: 淳媞國際股份有限公司 | B84: 寄倉新約 | C84: vivi.huang | D84: 0 | E84: 0 | F84: 0 | G84: 0 | H84: 0 | I84: 0 | J84: 0 | K84: 0 | L84: 0 | M84: 21 | N84: 0 | O84: https://docs.google.com/spreadsheets/d/1idNzz3FWbjJMGKBXdx9MeN-_HHiXFrADIu49H6zNgB0 | R84: {=INDEX('2023-07(89錯誤)'!$D:$D, MATCH(1, ('2023-07(89錯誤)'!$A:$A=A84)*('2023-07(89錯誤)'!$B:$B=B84), 0))} -> 0 | S84: =R84-D84 -> 0
A85: 皮諾喬有限公司 | B85: 寄倉新約 | C85: catherine.yeh | D85: 1410 | E85: 282 | F85: 8 | G85: 28 | H85: 49 | I85: 35 | J85: 4 | K85: 69 | L85: 4 | M85: 169 | N85: 0 | O85: https://docs.google.com/spreadsheets/d/1fFQN_XTA55Yh8OjDi8pfiCt-ANMhh1H_ptpTdnCm-wY | R85: {=INDEX('2023-07(89錯誤)'!$D:$D, MATCH(1, ('2023-07(89錯誤)'!$A:$A=A85)*('2023-07(89錯誤)'!$B:$B=B85), 0))} -> 1410 | S85: =R85-D85 -> 0
A86: 精緻生活企業有限公司 | B86: 寄倉新約 | C86: vivi.huang | D86: 0 | E86: 0 | F86: 0 | G86: 0 | H86: 0 | I86: 0 | J86: 0 | K86: 0 | L86: 0 | M86: 8 | N86: 0 | O86: https://docs.google.com/spreadsheets/d/1v0VPGA985QnvjRzFBHyjMViEH114wz0RTZ4yZaZFIas | R86: {=INDEX('2023-07(89錯誤)'!$D:$D, MATCH(1, ('2023-07(89錯誤)'!$A:$A=A86)*('2023-07(89錯誤)'!$B:$B=B86), 0))} -> 0 | S86: =R86-D86 -> 0
... A212: 旭盛智慧科技有限公司 | B212: 轉單合約 | C212: catherine.yeh | D212: 1497 | E212: 449 | F212: 0 | G212: 30 | H212: 120 | I212: 0 | J212: 0 | K212: 0 | L212: 0 | M212: 0 | N212: 0 | O212: https://docs.google.com/spreadsheets/d/1t8TnMhkAzS5GkWn5GfXHQ-srsj4V4Y8uxw1Ry5QNn6o | R212: {=INDEX('2023-07(89錯誤)'!$D:$D, MATCH(1, ('2023-07(89錯誤)'!$A:$A=A212)*('2023-07(89錯誤)'!$B:$B=B212), 0))} -> 1497 | S212: =R212-D212 -> 0
A213: 艾斯德有限公司 | B213: 寄倉新約 | C213: vivi.huang | D213: 0 | E213: 0 | F213: 0 | G213: 0 | H213: 0 | I213: 0 | J213: 0 | K213: 0 | L213: 0 | M213: 1 | N213: 0 | O213: https://docs.google.com/spreadsheets/d/1F8nDB5zl4-ZpggidCkAlNWIouY59L8niXX9wH6IRsaM | R213: {=IFNA(INDEX('2023-07(89錯誤)'!$D:$D, MATCH(1, ('2023-07(89錯誤)'!$A:$A=A213)*('2023-07(89錯誤)'!$B:$B=B213), 0)),0)} -> 0 | S213: =R213-D213 -> 0
R214: {=INDEX('2023-07(89錯誤)'!$D:$D, MATCH(1, ('2023-07(89錯誤)'!$A:$A=A214)*('2023-07(89錯誤)'!$B:$B=B214), 0))}

Sheet 2023-08
A1: 廠商名稱 | B1: 合作模式 | C1: 負責人 | D1: 銷售總額 | E1: 抽成 | F1: 平台維護費 | G1: 金流處理費 | H1: 行銷推廣費 | I1: 活動贊助費 | J1: 運費攤提 | K1: 人工處理費 | L1: 倉租加總 | M1: 吸收額 | N1: 報表連結
A2: 果果堅果企業社 | B2: 寄倉新約 | C2: vivi.huang | D2: 1814397 | E2: 375550 | F2: 9070 | G2: 36303 | H2: 63507 | I2: 45367 | J2: 71701 | K2: 0 | L2: 10111 | M2: 300 | N2: https://docs.google.com/spreadsheets/d/1Ec_-XPZ4xh9ve7E_6C16pmKlbdUpaJwFm1S7uMVXPdI
A3: 樂維根有限公司 | B3: 寄倉新約 | C3: vivi.huang | D3: 894858 | E3: 205817 | F3: 4478 | G3: 17902 | H3: 31320 | I3: 22375 | J3: 39384 | K3: 210 | L3: 4571 | M3: 0 | N3: https://docs.google.com/spreadsheets/d/1EV8OQcJZCCo9TC0mxVBBAHbY1uQs_e4TZJRz04fQo2g
A4: 健生活股份有限公司 | B4: 寄倉新約 | C4: vivi.huang | D4: 454672 | E4: 90934 | F4: 2272 | G4: 9093 | H4: 15916 | I4: 11372 | J4: 9091 | K4: 4180 | L4: 2156 | M4: 7181 | N4: https://docs.google.com/spreadsheets/d/1uXX7Z_YeEiae01mWJlmiyiGHJzt7A9sAV0pYzvPsb_8
A5: 禹函有限公司 | B5: 轉單合約 | C5: ting.lin | D5: 400743 | E5: 60108 | F5: 0 | G5: 8014 | H5: 32061 | I5: 0 | J5: 0 | K5: 0 | L5: 0 | M5: 0 | N5: https://docs.google.com/spreadsheets/d/1FuTOjHTMYfgFbc0xvH3pSQcRYt3L48SguGEdHU0aneA
A6: 森宏生技股份有限公司 | B6: 寄倉新約 | C6: vivi.huang | D6: 336841 | E6: 64130 | F6: 1687 | G6: 6739 | H6: 11795 | I6: 8429 | J6: 6158 | K6: 7185 | L6: 450 | M6: 0 | N6: https://docs.google.com/spreadsheets/d/1B2P-zsRd1MqIfdYS3VxdDz_vHFTJVtxDfAzyF-tpYZ0
A7: 青荷國際有限公司 | B7: 寄倉新約 | C7: catherine.yeh | D7: 251611 | E7: 47732 | F7: 1260 | G7: 5033 | H7: 8804 | I7: 6294 | J7: 12565 | K7: 7655 | L7: 653 | M7: 0 | N7: https://docs.google.com/spreadsheets/d/14TmXNitxGNkuH7MnMXhk2Hkah_COFztS_Os-R-bS85A
A8: 柏立奧有限公司 | B8: 寄倉新約 | C8: vivi.huang | D8: 206475 | E8: 44118 | F8: 1037 | G8: 4133 | H8: 7236 | I8: 5170 | J8: 5640 | K8: 3939 | L8: 945 | M8: -300 | N8: https://docs.google.com/spreadsheets/d/17wPn6BsAcdTvHuodLYK3Y0Xyaf1aVLEfXny_57Ef6qY
A9: 鑫欣羿股份有限公司 | B9: 寄倉新約 | C9: catherine.yeh | D9: 155980 | E9: 35876 | F9: 780 | G9: 3119 | H9: 5460 | I9: 3901 | J9: 1880 | K9: 0 | L9: 528 | M9: 0 | N9: https://docs.google.com/spreadsheets/d/1N8DB0KTS1vdY40QAwq1XMSCVhSpNfbNznNz0tBuk8d0
A10: 奕瑪國際行銷股份有限公司 | B10: 寄倉新約 | C10: vivi.huang | D10: 125302 | E10: 25060 | F10: 626 | G10: 2507 | H10: 4387 | I10: 3133 | J10: 4266 | K10: 848 | L10: 920 | M10: 0 | N10: https://docs.google.com/spreadsheets/d/1O0v-NVxYdwD4bK8G0rYc0YBjE7W4aJMkB-QIHOClgBg
A11: 台灣恩斯艾國際有限公司 | B11: 寄倉新約 | C11: vivi.huang | D11: 121648 | E11: 28800 | F11: 606 | G11: 2435 | H11: 4258 | I11: 3042 | J11: 1588 | K11: 1620 | L11: 57 | M11: 0 | N11: https://docs.google.com/spreadsheets/d/1oGfpo4q62BLJT5mj1kL87Q5YofKLVJ1_g4IrrpQnmpA
A12: 大誠益國際實業有限公司 | B12: 寄倉新約 | C12: catherine.yeh | D12: 107610 | E12: 21522 | F12: 538 | G12: 2152 | H12: 3767 | I12: 2690 | J12: 960 | K12: 985 | L12: 27 | M12: 50 | N12: https://docs.google.com/spreadsheets/d/1trmjtWItgzkthq5G6HjElseYOl_w0e3nlpI483bmy7E
A13: 廣紘國際股份有限公司 | B13: 寄倉新約 | C13: catherine.yeh | D13: 107379 | E13: 21525 | F13: 534 | G13: 2148 | H13: 3760 | I13: 2685 | J13: 6730 | K13: 0 | L13: 431 | M13: 0 | N13: https://docs.google.com/spreadsheets/d/1iVSycRYyk2L8YJB1ZyfZ6B1VuAA7L-jGOKNXIOVJMnE
... A188: 有熊運動股份有限公司 | B188: 轉單合約 | C188: vivi.huang | D188: 0 | E188: 0 | F188: 0 | G188: 0 | H188: 0 | I188: 0 | J188: 0 | K188: 0 | L188: 0 | M188: 448 | N188: https://docs.google.com/spreadsheets/d/1pHBXBZSu9Dcr-CBeH9upc-1ptYfLi5hc7qroEpTatXQ

Sheet 2023-09
A1: 廠商名稱 | B1: 合作模式 | C1: 負責人 | D1: 銷售總額 | E1: 抽成 | F1: 平台維護費 | G1: 金流處理費 | H1: 行銷推廣費 | I1: 活動贊助費 | J1: 運費攤提 | K1: 人工處理費 | L1: 倉租加總 | M1: 吸收額 | N1: 報表連結
A2: 明奇食品有限公司 | B2: 寄倉新約 | C2: duncan.lin | D2: 35905 | E2: 7181 | F2: 174 | G2: 732 | H2: 1261 | I2: 913 | J2: 1845 | K2: 1236 | L2: 236 | M2: 0 | N2: https://docs.google.com/spreadsheets/d/1WjGjUmgWpQNUg6nb1uvcgRLyKNUBRdQn3VjABg2v77M
A3: 萬灃興貿易有限公司 | B3: 寄倉新約 | C3: duncan.lin | D3: 34645 | E3: 6929 | F3: 184 | G3: 684 | H3: 1208 | I3: 852 | J3: 2275 | K3: 220 | L3: 107 | M3: 0 | N3: https://docs.google.com/spreadsheets/d/1jBhQV_qZN14YZM4-KIX3127pCRTVUv-CMJtSLvvGnUg
A4: 愛上大數據股份有限公司 | B4: 轉單合約 | C4: duncan.lin | D4: 2370 | E4: 474 | F4: 0 | G4: 47 | H4: 190 | I4: 0 | J4: 0 | K4: 0 | L4: 0 | M4: 0 | N4: https://docs.google.com/spreadsheets/d/1b54E1EOMjYGLjvwHeZ8_3jTr-ugIPT1gu72VIAIGhMU
A5: 大誠益國際實業有限公司 | B5: 寄倉新約 | C5: duncan.lin | D5: 76435 | E5: 15287 | F5: 382 | G5: 1529 | H5: 2675 | I5: 1911 | J5: 709 | K5: 645 | L5: 36 | M5: 0 | N5: https://docs.google.com/spreadsheets/d/1ozN27AHptLP5VHxW_iv0L3lPFwsWvejdlsbRqNFlvMY
A6: 錸臻賦食品行 | B6: 轉單合約 | C6: duncan.lin | D6: 2821 | E6: 564 | F6: 0 | G6: 56 | H6: 226 | I6: 0 | J6: 0 | K6: 0 | L6: 0 | M6: 0 | N6: https://docs.google.com/spreadsheets/d/12dsNFvlxXXwY0RJbkH0HQPAn8CtIdU3E69_2OYCZnYU
A7: 登薾國際貿易股份有限公司 | B7: 寄倉新約 | C7: vivi.huang | D7: 9100 | E7: 1820 | F7: 47 | G7: 182 | H7: 320 | I7: 229 | J7: 77 | K7: 18 | L7: 36 | M7: 0 | N7: https://docs.google.com/spreadsheets/d/1MNJS3klZtOyaN31SOEK5nNjBA5GmfSN6_Jf57M9Nugw
A8: 老妹的灶下有限公司 | B8: 轉單合約 | C8: duncan.lin | D8: 1250 | E8: 250 | F8: 0 | G8: 25 | H8: 100 | I8: 0 | J8: 0 | K8: 0 | L8: 0 | M8: 0 | N8: https://docs.google.com/spreadsheets/d/1Jw4jeLhCdSPdtlYrPeP7eQRYkf0_p6Wift7-68r49wA
A9: 亞帝士運動用品 | B9: 寄倉新約 | C9: 周芃葳 | D9: 0 | E9: 0 | F9: 0 | G9: 0 | H9: 0 | I9: 0 | J9: 0 | K9: 0 | L9: 55 | M9: 0 | N9: https://docs.google.com/spreadsheets/d/1NL1ZBiIJAS9h2P_TyUotsa6sr9RUfbA6F4V_TRR65XE
A10: 呈芳食品行 | B10: 寄倉新約 | C10: duncan.lin | D10: 4050 | E10: 810 | F10: 23 | G10: 77 | H10: 144 | I10: 100 | J10: 537 | K10: 125 | L10: 52 | M10: 0 | N10: https://docs.google.com/spreadsheets/d/1M8CKfZjEI8CdiSDElE-5VrNFblAVhKIZdUishKxogsM
A11: 寶齡富錦生技股份有限公司 | B11: 寄倉新約 | C11: vivi.huang | D11: 48346 | E11: 12285 | F11: 242 | G11: 968 | H11: 1693 | I11: 1209 | J11: 354 | K11: 980 | L11: 34 | M11: 0 | N11: https://docs.google.com/spreadsheets/d/1b1NSagfEyNixRN9hlaiTQuZfXsUhXudGKyB7KPz7axk
A12: 鑫欣羿股份有限公司 | B12: 寄倉新約 | C12: duncan.lin | D12: 120978 | E12: 27825 | F12: 620 | G12: 2423 | H12: 4222 | I12: 3027 | J12: 7062 | K12: 0 | L12: 545 | M12: 0 | N12: https://docs.google.com/spreadsheets/d/12XOw59E_tV1MSDEu61ehxWdF4MUc0Xs0QBm8XIvqO38
A13: 柏立奧有限公司 | B13: 寄倉新約 | C13: vivi.huang | D13: 143735 | E13: 30640 | F13: 671 | G13: 2909 | H13: 5074 | I13: 3580 | J13: 4872 | K13: 2596 | L13: 1014 | M13: 0 | N13: https://docs.google.com/spreadsheets/d/1TQX31m_TStCYR-k3bYzlIzt5ZQe-SaFyE5Jc1P8cFnI
... A169: 仁平有限公司 | B169: 寄倉新約 | C169: james.tseng | D169: 10889 | E169: 2831 | F169: 54 | G169: 218 | H169: 381 | I169: 272 | J169: 423 | K169: 250 | L169: 21 | M169: 0 | N169: https://docs.google.com/spreadsheets/d/17Bu-xCnsKvlEETUkPXSsK5AEn_SSf1GD4yH2uVXdq1c
A170: 盛禾生醫國際事業有限公司 | B170: 轉單合約 | C170: shelly.hsieh | D170: 5610 | E170: 1412 | F170: 0 | G170: 112 | H170: 449 | J170: 0 | K170: 0 | L170: 0 | M170: 0 | N170: https://docs.google.com/spreadsheets/d/13OmX7leJj-eHGaBhurWw8MPeDTWEOZVWC23Y9aZ72_s
A171: 統盛國際股份有限公司 | B171: 轉單合約 | C171: duncan.lin | D171: 9192 | E171: 2114 | F171: 0 | G171: 184 | H171: 735 | I171: 0 | J171: 0 | K171: 0 | L171: 0 | M171: 0 | N171: https://docs.google.com/spreadsheets/d/18AUskMMi2rozlcIXEqxsVIbwU-CfNj0C8FbvmfNHUPw
A172: 松誠雜糧企業社 | B172: 轉單合約 | C172: duncan.lin | D172: 8865 | E172: 0 | F172: 0 | G172: 0 | H172: 0 | I172: 0 | J172: 0 | K172: 0 | L172: 0 | M172: 0 | N172: https://docs.google.com/spreadsheets/d/1rIxZFZYJIW6dcFCc2lYAGGEvnq3lS2Y4N_EucKJRvCk
A173: 大漢酵素生物科技股份有限公司 | B173: 轉單合約 | C173: 白乙君 | D173: 4354 | E173: 0 | F173: 0 | G173: 0 | H173: 0 | I173: 0 | J173: 0 | K173: 0 | L173: 0 | M173: 0 | N173: https://docs.google.com/spreadsheets/d/1fEFOJa6VQicGzkRQRW_pHlXENAZYL56zkRgQsRvyGHg
A174: 山祿國際有限公司 | B174: 轉單合約 | C174: ashley.lin | D174: 7110 | E174: 1635 | F174: 0 | G174: 142 | H174: 569 | I174: 0 | J174: 0 | K174: 0 | L174: 0 | M174: 0 | N174: https://docs.google.com/spreadsheets/d/1drz3X0iNgLHm9vrHtkcvsZ4DQpVx_4XgydPsG-iwSas
A175: 焠爾瑯股份有限公司 | B175: 轉單合約 | C175: shelly.hsieh | D175: 4676 | E175: 1146 | F175: 0 | G175: 94 | H175: 374 | I175: 0 | J175: 0 | K175: 0 | L175: 0 | M175: 0 | N175: https://docs.google.com/spreadsheets/d/1bJfo0ftazPSX9N-pBAa84gtY_v006HFKPTG6kN03WM8
A176: 毅誠商貿有限公司 | B176: 寄倉新約 | C176: duncan.lin | D176: 2781 | E176: 616 | F176: 14 | G176: 56 | H176: 98 | I176: 70 | J176: 120 | K176: 0 | L176: 27 | M176: 0 | N176: https://docs.google.com/spreadsheets/d/1Ym66xqkycx2yMyihq5kYSKxhT3SeGaqjTltgiF8Ej5M
A177: 春霖國際股份有限公司 | B177: 轉單合約 | C177: duncan.lin | D177: 4301 | E177: 1075 | F177: 0 | G177: 86 | H177: 344 | I177: 0 | J177: 0 | K177: 0 | L177: 0 | M177: 0 | N177: https://docs.google.com/spreadsheets/d/1RfvR2Gp7Oski9F-kTsokU04CWoAxOb-4YBThqjYq0uQ
A178: 芮斯特有限公司 | B178: 寄倉新約 | C178: james.tseng | D178: 76670 | E178: 17634 | F178: 384 | G178: 1533 | H178: 2686 | I178: 1918 | J178: 4027 | K178: 664 | L178: 228 | M178: 0 | N178: https://docs.google.com/spreadsheets/d/1tmtNIwOCVfPdxEiZk6nmTLmh5bhpHKLaj22aSVpbldc
A179: 元鼎璞真股份有限公司 | B179: 轉單合約 | C179: james.tseng | D179: 2100 | E179: 525 | F179: 0 | G179: 42 | H179: 168 | I179: 0 | J179: 0 | K179: 0 | L179: 0 | M179: 0 | N179: https://docs.google.com/spreadsheets/d/1-WBN7E0Duh6bhUJEWLsl8ME8oPGCk_gm_o5ARGal9nc
A180: 合英勝國際有限公司 | B180: 寄倉新約 | C180: james.tseng | D180: 5394 | E180: 1241 | F180: 26 | G180: 108 | H180: 188 | I180: 134 | J180: 170 | K180: 60 | L180: 17 | M180: 0 | N180: https://docs.google.com/spreadsheets/d/1_6nh0hSfjrtVRBtdtJs-_GZTpJvWUq6lroo3cDt_dd8
A181: 昂萃生技股份有限公司 | B181: 轉單合約 | C181: shelly.hsieh | D181: 3049 | E181: 793 | F181: 0 | G181: 61 | H181: 244 | I181: 0 | J181: 0 | K181: 0 | L181: 0 | M181: 0 | N181: https://docs.google.com/spreadsheets/d/1OTPw6MVILxWj_E8QhF-XTRoRpXwXAVf10NO8_ut9rVo
A182: 綠富有限公司 | B182: 寄倉新約 | C182: james.tseng | D182: 620736 | E182: 144106 | F182: 3113 | G182: 12413 | H182: 21739 | I182: 15539 | J182: 15838 | K182: 9594 | L182: 1352 | M182: 0 | N182: https://docs.google.com/spreadsheets/d/1xmDNCbcreIbb0r4Wifw3kwlEa03GO5BegvBx-H6wwjo
... A185: 好健康國際有限公司 | B185: 寄倉新約 | C185: duncan.lin | D185: 0 | E185: 0 | F185: 0 | G185: 0 | H185: 0 | I185: 0 | J185: 0 | K185: 0 | L185: 0 | M185: 1376 | N185: https://docs.google.com/spreadsheets/d/1179TVBdC5qIHfiOxdqis5pka9_e3NMctr9ghsvGSL5k

Sheet 2023-10
A1: 廠商名稱 | B1: 合作模式 | C1: 負責人 | D1: 銷售總額 | E1: 抽成 | F1: 平台維護費 | G1: 金流處理費 | H1: 行銷推廣費 | I1: 活動贊助費 | J1: 運費攤提 | K1: 人工處理費 | L1: 倉租加總 | M1: 吸收額 | N1: 報表連結
A2: 明奇食品有限公司 | B2: 寄倉新約 | C2: duncan.lin | D2: 33671 | E2: 6734 | F2: 167 | G2: 686 | H2: 1191 | I2: 1191 | J2: 1620 | K2: 1108 | L2: 222 | M2: 0 | N2: https://docs.google.com/spreadsheets/d/1vt6UnlvrmeC_8wX4M-3nj0C6MJjBFli18bFZMkSMMfw
A3: 萬灃興貿易有限公司 | B3: 寄倉新約 | C3: duncan.lin | D3: 9881 | E3: 2105 | F3: 50 | G3: 199 | H3: 350 | I3: 350 | J3: 573 | K3: 58 | L3: 25 | M3: 17687 | N3: https://docs.google.com/spreadsheets/d/1zXkYQW-Y_P2bRxaCZpPMxJjCDpmbJHR5e9JddqiB5Us
A4: 愛上大數據股份有限公司 | B4: 轉單合約 | C4: duncan.lin | D4: 7110 | E4: 1422 | F4: 0 | G4: 142 | H4: 569 | I4: 0 | J4: 0 | K4: 0 | L4: 0 | M4: 0 | N4: https://docs.google.com/spreadsheets/d/1mZufBNa1N4zWDp184KLjA5N302ZIHGcTANUOoB3EdpY
A5: 大誠益國際實業有限公司 | B5: 寄倉新約 | C5: duncan.lin | D5: 66550 | E5: 13310 | F5: 335 | G5: 1335 | H5: 2334 | I5: 2334 | J5: 1906 | K5: 575 | L5: 63 | M5: 0 | N5: https://docs.google.com/spreadsheets/d/1LiTraVCqkvOF-Wp5gNsM1OAGLqfO3eJkaCwR8z3ISoI
A6: 登薾國際貿易股份有限公司 | B6: 寄倉新約 | C6: vivi.huang | D6: 6650 | E6: 1330 | F6: 35 | G6: 133 | H6: 236 | I6: 236 | J6: 290 | K6: 14 | L6: 44 | M6: 0 | N6: https://docs.google.com/spreadsheets/d/1SrVZ-YUrM_Dni6IcKNT7PxoQbKV4n3pAWqfwVWJtFZo
A7: 老妹的灶下有限公司 | B7: 轉單合約 | C7: duncan.lin | D7: 1949 | E7: 390 | F7: 0 | G7: 39 | H7: 156 | I7: 0 | J7: 0 | K7: 0 | L7: 0 | M7: 0 | N7: https://docs.google.com/spreadsheets/d/1QF9ZnNKTGHEYZyNa9qkwtXw5UR6iAWIOtMG-4GB04Ew
A8: 亞帝士運動用品 | B8: 寄倉新約 | C8: 周芃葳 | D8: 4260 | E8: 852 | F8: 20 | G8: 87 | H8: 150 | I8: 150 | J8: 53 | K8: 50 | L8: 57 | M8: 0 | N8: https://docs.google.com/spreadsheets/d/14PCGM3WAIXrSb0ThLQz1icVwHS0Eyau9zNYsmf5oZ6I
A9: 呈芳食品行 | B9: 寄倉新約 | C9: duncan.lin | D9: 6642 | E9: 1328 | F9: 38 | G9: 126 | H9: 240 | I9: 240 | J9: 750 | K9: 205 | L9: 70 | M9: 0 | N9: https://docs.google.com/spreadsheets/d/1JNOLH2NXiv8DeY36uWVgX6DIMPSIYMirhTzvOVcQY3g
A10: 寶齡富錦生技股份有限公司 | B10: 寄倉新約 | C10: vivi.huang | D10: 32672 | E10: 8495 | F10: 163 | G10: 657 | H10: 1144 | I10: 1129 | J10: 810 | K10: 580 | L10: 44 | M10: 0 | N10: https://docs.google.com/spreadsheets/d/1e_tstXRpyy73z7vV-Am9HYJUW2QawvwdF97UQpt9Dko
A11: 鑫欣羿股份有限公司 | B11: 寄倉新約 | C11: duncan.lin | D11: 90068 | E11: 20716 | F11: 458 | G11: 1806 | H11: 3142 | I11: 3133 | J11: 5420 | K11: 0 | L11: 1097 | M11: 0 | N11: https://docs.google.com/spreadsheets/d/1CTEe0aKyTy7rw_glITkMnM1pT8xqjlX6eBfikSAtqJs
A12: 柏立奧有限公司 | B12: 寄倉新約 | C12: vivi.huang | D12: 151688 | E12: 32708 | F12: 721 | G12: 3068 | H12: 5368 | I12: 5330 | J12: 5081 | K12: 2855 | L12: 1053 | M12: 0 | N12: https://docs.google.com/spreadsheets/d/11HwqJr1ko9rcA8ZaLX2-ixy7EvCBn7NAn1s9nu4HWSc
A13: 艾斯德有限公司 | B13: 寄倉新約 | C13: vivi.huang | D13: 0 | E13: 0 | F13: 0 | G13: 0 | H13: 0 | I13: 0 | J13: 0 | K13: 0 | L13: 16 | M13: 0 | N13: https://docs.google.com/spreadsheets/d/1fp0DK3AhfwL1z-J9qCxfcVh3zxsrH4mt0h9MoXQUVOU
... A179: 睿鼎行銷股份有限公司 | B179: 轉單合約 | C179: duncan.lin | D179: 750 | E179: 150 | F179: 0 | G179: 15 | H179: 60 | I179: 0 | J179: 0 | K179: 0 | L179: 0 | M179: 0 | N179: https://docs.google.com/spreadsheets/d/1ykgLwR4qzSrtfSbMM8zNS4K92kIdaO0eDSav72FvOpQ

Sheet 2023-11
A1: 廠商名稱 | B1: 合作模式 | C1: 負責人 | D1: 銷售總額 | E1: 抽成 | F1: 平台維護費 | G1: 金流處理費 | H1: 行銷推廣費 | I1: 活動贊助費 | J1: 運費攤提 | K1: 人工處理費 | L1: 倉租加總 | M1: 吸收額 | N1: 報表連結
A2: 艾斯德有限公司 | B2: 寄倉新約 | C2: vivi.huang | D2: 0 | E2: 0 | F2: 0 | G2: 0 | H2: 0 | I2: 0 | J2: 0 | K2: 0 | L2: 15 | M2: 0 | N2: https://docs.google.com/spreadsheets/d/1AM9g0ds9PH-wjO11q2rcz52vbzZNUk1GEjnm8YIX7V0
A3: 睿森實業有限公司 | B3: 寄倉新約 | C3: duncan.lin | D3: 0 | E3: 0 | F3: 0 | G3: 0 | H3: 0 | I3: 0 | J3: 0 | K3: 0 | L3: 2 | M3: 64 | N3: https://docs.google.com/spreadsheets/d/1JitLHb45jKFLF49H4DimyHj4VPr03RGg_8D5TU89u00
A4: 締盟股份有限公司 | B4: 寄倉新約 | C4: duncan.lin | D4: 0 | E4: 0 | F4: 0 | G4: 0 | H4: 0 | I4: 0 | J4: 0 | K4: 0 | L4: 8 | M4: 0 | N4: https://docs.google.com/spreadsheets/d/1x_btYzob4TacvjreWeoeqHVwVfgKq3DqhRsEw76lcD0
A5: 陳易國際有限公司 | B5: 寄倉新約 | C5: vivi.huang | D5: 0 | E5: 0 | F5: 0 | G5: 0 | H5: 0 | I5: 0 | J5: 0 | K5: 0 | L5: 2 | M5: 0 | N5: https://docs.google.com/spreadsheets/d/12QqLFAXrl9rsSmj2VmLv4sGYMSK4_ewz7ZHl08iyoG8
A6: 普羅客託國際開發有限公司 | B6: 寄倉新約 | C6: 張雅雯 | D6: 0 | E6: 0 | F6: 0 | G6: 0 | H6: 0 | I6: 0 | J6: 0 | K6: 0 | L6: 138 | M6: 0 | N6: https://docs.google.com/spreadsheets/d/1EHq9fk1qGCxMKgkR1o6SMwuDZqn_GUbgqdJl6fx7dOo
A7: 樂乙有限公司 | B7: 寄倉新約 | C7: vivi.huang | D7: 0 | E7: 0 | F7: 0 | G7: 0 | H7: 0 | I7: 0 | J7: 0 | K7: 0 | L7: 46 | M7: 0 | N7: https://docs.google.com/spreadsheets/d/1es7WA1Abuq_pNV1vRugP2Aa__-EWI_IiS1BO4HN5m8k
A8: 麥思有限公司 | B8: 寄倉新約 | C8: shelly.hsieh | D8: 0 | E8: 0 | F8: 0 | G8: 0 | H8: 0 | I8: 0 | J8: 0 | K8: 0 | L8: 19 | M8: 0 | N8: https://docs.google.com/spreadsheets/d/1GOF0uNwwIS472zSGp8RmQfpYYTRvNxX43_IeNNmZjQ4
A9: 楓香林生活科技有限公司 | B9: 寄倉新約 | C9: vivi.huang | D9: 0 | E9: 0 | F9: 0 | G9: 0 | H9: 0 | I9: 0 | J9: 0 | K9: 0 | L9: 3 | M9: 0 | N9: https://docs.google.com/spreadsheets/d/1SYc0CgekxESYLxGA7OMYVtHqC_qkX9uV0koaxKx4O9M
A10: 嘉優生技股份有限公司 | B10: 寄倉新約 | C10: vivi.huang | D10: 0 | E10: 0 | F10: 0 | G10: 0 | H10: 0 | I10: 0 | J10: 0 | K10: 0 | L10: 1 | M10: 0 | N10: https://docs.google.com/spreadsheets/d/11tR6EDj5lWjlsB9T3qkA2xtfPIvvDoGRlqZ4WkwG3h4
A11: 大數行銷有限公司 | B11: 寄倉新約 | C11: vivi.huang | D11: 0 | E11: 0 | F11: 0 | G11: 0 | H11: 0 | I11: 0 | J11: 0 | K11: 0 | L11: 3 | M11: 0 | N11: https://docs.google.com/spreadsheets/d/1E7wwhIzmRNRBjahDAGu5HG3d4JJaDQgSJuqsgjHb_hE
A12: 豐騰貿易有限公司 | B12: 寄倉新約 | C12: vivi.huang | D12: 0 | E12: 0 | F12: 0 | G12: 0 | H12: 0 | I12: 0 | J12: 0 | K12: 0 | L12: 5 | M12: 0 | N12: https://docs.google.com/spreadsheets/d/1_1h9l9qH0lmRR7X27Wvps-AaFFV9hDn_i5jN1tJyCzo
A13: 衣格服飾股份有限公司 | B13: 寄倉新約 | C13: 周芃葳 | D13: 0 | E13: 0 | F13: 0 | G13: 0 | H13: 0 | I13: 0 | J13: 0 | K13: 0 | L13: 16 | M13: 0 | N13: https://docs.google.com/spreadsheets/d/1rJWpHWvNTnTns40cjn2_dxmUvpqyLTv72yNpqNf-bDY
... A184: 大漢酵素生物科技股份有限公司 | B184: 轉單合約 | C184: 白乙君 | D184: 2406 | E184: 0 | F184: 0 | G184: 0 | H184: 0 | I184: 0 | J184: 0 | K184: 0 | L184: 0 | M184: 0 | N184: https://docs.google.com/spreadsheets/d/1sghctKJvxLcbt1Tlg8Wgv8uca0_iWdfAF53S82xGsn4

Sheet 2023-12
A1: 廠商名稱 | B1: 合作模式 | C1: 負責人 | D1: 銷售總額 | E1: 抽成 | F1: 平台維護費 | G1: 金流處理費 | H1: 行銷推廣費 | I1: 活動贊助費 | J1: 運費攤提 | K1: 人工處理費 | L1: 倉租加總 | M1: 吸收額 | N1: 報表連結
A2: 明奇食品有限公司 | B2: 寄倉新約 | C2: duncan.lin | D2: 21470 | E2: 4294 | F2: 115 | G2: 440 | H2: 748 | I2: 748 | J2: 1286 | K2: 628 | L2: 214 | M2: 0 | N2: https://docs.google.com/spreadsheets/d/1vYK8q5PRs3G4vynD54T2OXMh-HOVOFf7K504jMGZoag
A3: 萬灃興貿易有限公司 | B3: 寄倉新約 | C3: duncan.lin | D3: 32736 | E3: 6547 | F3: 166 | G3: 663 | H3: 1147 | I3: 1150 | J3: 1640 | K3: 188 | L3: 152 | M3: 0 | N3: https://docs.google.com/spreadsheets/d/1BUvhYfqfgW_bgb4gXFD0YfQrcJrE-9XZ5IN_r7VtmV0
A4: 愛上大數據股份有限公司 | B4: 轉單合約 | C4: duncan.lin | D4: 2370 | E4: 474 | F4: 0 | G4: 47 | H4: 190 | I4: 0 | J4: 0 | K4: 0 | L4: 0 | M4: 0 | N4: https://docs.google.com/spreadsheets/d/11hqei8bjcI-6ktXDhRZy395i-_5G6bAT04lgMWUM6XI
A5: 大誠益國際實業有限公司 | B5: 寄倉新約 | C5: nic.lin | D5: 71681 | E5: 14336 | F5: 363 | G5: 1434 | H5: 2511 | I5: 2511 | J5: 2456 | K5: 645 | L5: 58 | M5: 0 | N5: https://docs.google.com/spreadsheets/d/1GccH532vM6qaBo169CO3N7G_LY7jdYs-nx0EVjcR5HQ
A6: 登薾國際貿易股份有限公司 | B6: 寄倉新約 | C6: vivi.huang | D6: 7785 | E6: 1557 | F6: 39 | G6: 156 | H6: 271 | I6: 271 | J6: 425 | K6: 17 | L6: 39 | M6: 0 | N6: https://docs.google.com/spreadsheets/d/1J_8P7IfcFw_2wijNAQsPPTl8Kgbtg7Vlzk2Qrf_A5sQ
A7: 老妹的灶下有限公司 | B7: 轉單合約 | C7: duncan.lin | D7: 2389 | E7: 478 | F7: 0 | G7: 48 | H7: 191 | I7: 0 | J7: 0 | K7: 0 | L7: 0 | M7: 0 | N7: https://docs.google.com/spreadsheets/d/10KNTAXyxjHiqNCYB3LamcnwZ-K7-A3_y6JQlyLmb43c
A8: 亞帝士運動用品 | B8: 寄倉新約 | C8: 周芃葳 | D8: 740 | E8: 148 | F8: 4 | G8: 15 | H8: 26 | I8: 26 | J8: 16 | K8: 10 | L8: 51 | M8: 0 | N8: https://docs.google.com/spreadsheets/d/1P75cijR88fVuocDIGv7fNCUHaDJW9nwyphyIW5rYiQQ
A9: 呈芳食品行 | B9: 寄倉新約 | C9: duncan.lin | D9: 5544 | E9: 1109 | F9: 32 | G9: 104 | H9: 198 | I9: 202 | J9: 680 | K9: 170 | L9: 34 | M9: 0 | N9: https://docs.google.com/spreadsheets/d/1lgj7q3G9s_f_WRAnJZeV5V1tsODiwpGnPC8v1ttEzSM
A10: 寶齡富錦生技股份有限公司 | B10: 寄倉新約 | C10: vivi.huang | D10: 21701 | E10: 5642 | F10: 108 | G10: 438 | H10: 761 | I10: 761 | J10: 529 | K10: 440 | L10: 94 | M10: 0 | N10: https://docs.google.com/spreadsheets/d/1yq1MVTmq2detGsbmE_sfRjTRx6ZXE9IV5nS2_V94WPY
A11: 鑫欣羿股份有限公司 | B11: 寄倉新約 | C11: duncan.lin | D11: 119430 | E11: 27470 | F11: 597 | G11: 2391 | H11: 4182 | I11: 4184 | J11: 7369 | K11: 0 | L11: 1365 | M11: 0 | N11: https://docs.google.com/spreadsheets/d/1HjhfnhogDrA2cVvDXhSZKbRM2WusC5sfkQH5UOVPosY
A12: 柏立奧有限公司 | B12: 寄倉新約 | C12: vivi.huang | D12: 192399 | E12: 41960 | F12: 929 | G12: 3888 | H12: 6758 | I12: 6768 | J12: 7695 | K12: 3882 | L12: 1455 | M12: 0 | N12: https://docs.google.com/spreadsheets/d/1Clng3gdIk1bt2cmLC_CcNkoMh5xoHHWxeHQLIjyDV2w
A13: 艾斯德有限公司 | B13: 寄倉新約 | C13: vivi.huang | D13: 0 | E13: 0 | F13: 0 | G13: 0 | H13: 0 | I13: 0 | J13: 0 | K13: 0 | L13: 16 | M13: 0 | N13: https://docs.google.com/spreadsheets/d/1BuhxNEsGOQcVUDhnfWpwfQgjJR-wXrI4BEFtcpxm2us
... A174: 日初泰揚企業有限公司 | B174: 寄倉新約 | C174: duncan.lin | D174: 0 | E174: 0 | F174: 0 | G174: 0 | H174: 0 | I174: 0 | J174: 0 | K174: 340 | L174: 209 | M174: 0 | N174: https://docs.google.com/spreadsheets/d/14tlCi0CApJvlDU7_SuUGrXByAujxPWz5gxZUW7qoOvY

Sheet 2024-01
A1: 廠商名稱 | B1: 合作模式 | C1: 負責人 | D1: 銷售總額 | E1: 抽成 | F1: 平台維護費 | G1: 金流處理費 | H1: 行銷推廣費 | I1: 活動贊助費 | J1: 運費攤提 | K1: 人工處理費 | L1: 倉租加總 | M1: 吸收額 | N1: 報表連結
A2: 明奇食品有限公司 | B2: 寄倉新約 | C2: duncan.lin | D2: 22366 | E2: 4473 | F2: 110 | G2: 450 | H2: 783 | I2: 577 | J2: 1018 | K2: 638 | L2: 328 | M2: 0 | N2: https://docs.google.com/spreadsheets/d/1dLpwcAOF4aX94lA7sOwMVzBH6DUWeMPp3cNKS09LIlc
A3: 萬灃興貿易有限公司 | B3: 寄倉新約 | C3: duncan.lin | D3: 41344 | E3: 8527 | F3: 206 | G3: 834 | H3: 1456 | I3: 1081 | J3: 2675 | K3: 242 | L3: 618 | M3: 1270 | N3: https://docs.google.com/spreadsheets/d/1K6kghMJ1DYae4BmNnKeeIrMDPjkChu2hgHNre-sPfck
A4: 愛上大數據股份有限公司 | B4: 轉單合約 | C4: duncan.lin | D4: 2370 | E4: 474 | F4: 0 | G4: 47 | H4: 190 | I4: 0 | J4: 0 | K4: 0 | L4: 0 | M4: 0 | N4: https://docs.google.com/spreadsheets/d/1NRwiTVvJHhW2Go-vieaFvXl8WDgxxfAV5amk_wHJ74I
A5: 大誠益國際實業有限公司 | B5: 寄倉新約 | C5: duncan.lin | D5: 106365 | E5: 21273 | F5: 542 | G5: 2127 | H5: 3724 | I5: 2685 | J5: 2196 | K5: 980 | L5: 48 | M5: 0 | N5: https://docs.google.com/spreadsheets/d/1NCSUyG07M-ZauP1-vcWMOvlEGDaX3LyPl5p2XNknfmk
A6: 登薾國際貿易股份有限公司 | B6: 寄倉新約 | C6: vivi.huang | D6: 9885 | E6: 1977 | F6: 51 | G6: 198 | H6: 349 | I6: 277 | J6: 555 | K6: 21 | L6: 35 | M6: 0 | N6: https://docs.google.com/spreadsheets/d/1TDjH6aDd5SOcW4xG1Df4Hj_Wcxb6_F0gwtHvnsSyerk
A7: 老妹的灶下有限公司 | B7: 轉單合約 | C7: duncan.lin | D7: 650 | E7: 130 | F7: 0 | G7: 13 | H7: 52 | I7: 0 | J7: 0 | K7: 0 | L7: 0 | M7: 0 | N7: https://docs.google.com/spreadsheets/d/1Rt2RFLWq87AjhwCGyiSi30xCavxrkp2sUaysI6ioqdw
A8: 亞帝士運動用品 | B8: 寄倉新約 | C8: 周芃葳 | D8: 2360 | E8: 472 | F8: 12 | G8: 48 | H8: 83 | I8: 60 | J8: 28 | K8: 30 | L8: 50 | M8: 0 | N8: https://docs.google.com/spreadsheets/d/1nl0MkwyCXLSoL-J6OeCV54Rpovxy5rRd_UGmsFGDYQk
A9: 呈芳食品行 | B9: 寄倉新約 | C9: duncan.lin | D9: 3610 | E9: 722 | F9: 21 | G9: 69 | H9: 130 | I9: 89 | J9: 365 | K9: 110 | L9: 32 | M9: 0 | N9: https://docs.google.com/spreadsheets/d/17wgGp-HDSEvuw5GpWIdKguXmyxjm0ZqTqUcQQr3w0JA
A10: 寶齡富錦生技股份有限公司 | B10: 寄倉新約 | C10: vivi.huang | D10: 32473 | E10: 8443 | F10: 162 | G10: 652 | H10: 1140 | I10: 813 | J10: 720 | K10: 550 | L10: 84 | M10: 0 | N10: https://docs.google.com/spreadsheets/d/1mF_eaHTljVrbmfkyEVLe8fF_pS8AZfYhmBH7fJDBO8E
A11: 英達科技有限公司 | B11: 轉單合約 | C11: vivi.huang | D11: 1480 | E11: 296 | F11: 0 | G11: 30 | H11: 118 | I11: 0 | J11: 0 | K11: 0 | L11: 0 | M11: 0 | N11: https://docs.google.com/spreadsheets/d/1SbUY56Kl1n9bj3Yz_Ozr4--MC_azVfBGeuN0cuhug6I
A12: 魔咕飲國際生技有限公司 | B12: 轉單合約 | C12: duncan.lin | D12: 1440 | E12: 288 | F12: 0 | G12: 29 | H12: 115 | I12: 0 | J12: 0 | K12: 0 | L12: 0 | M12: 0 | N12: https://docs.google.com/spreadsheets/d/1g_IuMco3MZAznSt7G9zhZpEJt9c-E8qevj2d50KCos4
A13: 鑫欣羿股份有限公司 | B13: 寄倉新約 | C13: duncan.lin | D13: 145266 | E13: 33411 | F13: 750 | G13: 2902 | H13: 5083 | I13: 3682 | J13: 8506 | K13: 0 | L13: 847 | M13: 0 | N13: https://docs.google.com/spreadsheets/d/1O5lTRWTjaLw7arQ6zlM8txbm3B8cmAOAOjMqno3kiT8
... A167: 德創生技有限公司 | B167: 寄倉新約 | C167: shelly.hsieh | D167: 0 | E167: 0 | F167: 0 | G167: 0 | H167: 0 | I167: 0 | J167: 0 | K167: 0 | L167: 3 | M167: 0 | N167: https://docs.google.com/spreadsheets/d/17FFz9NLPTDZI29Tp1hkZvCZ8Fn5i0wVBfeq4wwsdrFw

Sheet 2024-02
A1: 廠商名稱 | B1: 合作模式 | C1: 負責人 | D1: 銷售總額 | E1: 抽成 | F1: 平台維護費 | G1: 金流處理費 | H1: 行銷推廣費 | I1: 活動贊助費 | J1: 運費攤提 | K1: 人工處理費 | L1: 倉租加總 | M1: 吸收額 | N1: 報表連結
A2: 明奇食品有限公司 | B2: 寄倉新約 | C2: duncan.lin | D2: 17063 | E2: 3413 | F2: 82 | G2: 344 | H2: 600 | I2: 426 | J2: 991 | K2: 574 | L2: 252 | M2: 0 | N2: https://docs.google.com/spreadsheets/d/1PlUIXufubaKfaaPVXxsdqiEA9_BRkDsxwtR0MAMs8pM
A3: 萬灃興貿易有限公司 | B3: 寄倉新約 | C3: duncan.lin | D3: 14920 | E3: 2984 | F3: 83 | G3: 301 | H3: 518 | I3: 365 | J3: 687 | K3: 84 | L3: 231 | M3: 0 | N3: https://docs.google.com/spreadsheets/d/1ZA9xcpFPHY33ly4PXp1ZcrCgMSmt3a5YJ81KB7TnCso
A4: 大誠益國際實業有限公司 | B4: 寄倉新約 | C4: duncan.lin | D4: 29989 | E4: 5998 | F4: 151 | G4: 600 | H4: 1051 | I4: 747 | J4: 870 | K4: 265 | L4: 25 | M4: 0 | N4: https://docs.google.com/spreadsheets/d/1aC_zhmRD4KL06stU5GPXMsrt3vrCCzx51mlSZDPHPoU
A5: 登薾國際貿易股份有限公司 | B5: 寄倉新約 | C5: vivi.huang | D5: 2600 | E5: 520 | F5: 15 | G5: 52 | H5: 93 | I5: 67 | J5: 71 | K5: 7 | L5: 31 | M5: 0 | N5: https://docs.google.com/spreadsheets/d/1u_pQFMBujqu9PZAglOOc-xGdBtMC0Ze7YMwq53SLPxU
A6: 老妹的灶下有限公司 | B6: 轉單合約 | C6: duncan.lin | D6: 399 | E6: 80 | F6: 0 | G6: 8 | H6: 32 | I6: 0 | J6: 0 | K6: 0 | L6: 0 | M6: 0 | N6: https://docs.google.com/spreadsheets/d/1daCN3zYWC1YdrKWT8VQOObnL4zF-SFw8n54BwmXMJoI
A7: 亞帝士運動用品 | B7: 寄倉新約 | C7: 周芃葳 | D7: 2160 | E7: 432 | F7: 11 | G7: 44 | H7: 76 | I7: 55 | J7: 92 | K7: 30 | L7: 44 | M7: 0 | N7: https://docs.google.com/spreadsheets/d/1DdzxO0zL9cxkCrTUdWfKF5w5NoKvJBrDiJoANRGLW-Q
A8: 呈芳食品行 | B8: 寄倉新約 | C8: duncan.lin | D8: 2960 | E8: 592 | F8: 16 | G8: 57 | H8: 105 | I8: 72 | J8: 404 | K8: 90 | L8: 5 | M8: 0 | N8: https://docs.google.com/spreadsheets/d/1XC_Kxlp7adXb9wrZk54135277nAY0rx9bnu0eismToA
A9: 寶齡富錦生技股份有限公司 | B9: 寄倉新約 | C9: vivi.huang | D9: 25295 | E9: 6577 | F9: 126 | G9: 508 | H9: 887 | I9: 633 | J9: 682 | K9: 430 | L9: 73 | M9: 0 | N9: https://docs.google.com/spreadsheets/d/1bbdI7rrRnn8iuynkYZZM6X5oNkhqYRe4W07fw4QshM8
A10: 鑫欣羿股份有限公司 | B10: 寄倉新約 | C10: duncan.lin | D10: 130666 | E10: 30053 | F10: 662 | G10: 2622 | H10: 4571 | I10: 3275 | J10: 8065 | K10: 0 | L10: 353 | M10: 0 | N10: https://docs.google.com/spreadsheets/d/1mo5xHL3mM8AlNepQcbMJU4-Jz8i3doGZCn2zUbHNir8
A11: 柏立奧有限公司 | B11: 寄倉新約 | C11: vivi.huang | D11: 138758 | E11: 29747 | F11: 684 | G11: 2785 | H11: 4880 | I11: 3476 | J11: 5636 | K11: 2417 | L11: 1116 | M11: 0 | N11: https://docs.google.com/spreadsheets/d/1Tr8GRxo8pYn-VTTrTxEvVHM7z6Sj4vSeM62ZQjm24n4
A12: 艾斯德有限公司 | B12: 寄倉新約 | C12: vivi.huang | D12: 0 | E12: 0 | F12: 0 | G12: 0 | H12: 0 | I12: 0 | J12: 0 | K12: 0 | L12: 15 | M12: 0 | N12: https://docs.google.com/spreadsheets/d/16NxcEvzLkUygtIATuIrvgoE15P7rZRQi0LBb26TLUOE
A13: 德虹國際股份有限公司 | B13: 寄倉新約 | C13: duncan.lin | D13: 15603 | E13: 3121 | F13: 79 | G13: 313 | H13: 547 | I13: 398 | J13: 707 | K13: 420 | L13: 98 | M13: 0 | N13: https://docs.google.com/spreadsheets/d/10RArSiMjyJGT7goYKKg7Zzud1CoD2NmjN0i3qONG5DM
... A156: 中樞生技股份有限公司 | B156: 寄倉新約 | C156: vivi.huang | D156: 1080 | E156: 216 | F156: 5 | G156: 22 | H156: 38 | I156: 27 | J156: 0 | K156: 10 | L156: 0 | M156: 0 | N156: https://docs.google.com/spreadsheets/d/1L2PF4KS_IF3IT4hx0G-J-NKMT3v4lbYR9i8TMvEhGHQ

Sheet 2024-03
A1: 廠商名稱 | B1: 合作模式 | C1: 負責人 | D1: 銷售總額 | E1: 抽成 | F1: 平台維護費 | G1: 金流處理費 | H1: 行銷推廣費 | I1: 活動贊助費 | J1: 運費攤提 | K1: 人工處理費 | L1: 倉租加總 | M1: 吸收額 | N1: 報表連結
A2: 明奇食品有限公司 | B2: 寄倉新約 | C2: duncan.lin | D2: 25486 | E2: 5097 | F2: 127 | G2: 513 | H2: 899 | I2: 640 | J2: 1154 | K2: 896 | L2: 231 | M2: 0 | N2: https://docs.google.com/spreadsheets/d/14wxUkwrWTvjMFO2o1EmGfRh5XangqydZhskSRv1-_Ac
A3: 萬灃興貿易有限公司 | B3: 寄倉新約 | C3: duncan.lin | D3: 35478 | E3: 7299 | F3: 172 | G3: 723 | H3: 1247 | I3: 881 | J3: 1668 | K3: 212 | L3: 188 | M3: 62 | N3: https://docs.google.com/spreadsheets/d/1b1HyEjXe8YoOIWvkT4CTY4T6kjOgjCvvx2nmPn6Ndxc
A4: 愛上大數據股份有限公司 | B4: 轉單合約 | C4: duncan.lin | D4: 9480 | E4: 1896 | F4: 0 | G4: 190 | H4: 758 | I4: 0 | J4: 0 | K4: 0 | L4: 0 | M4: 0 | N4: https://docs.google.com/spreadsheets/d/1IKYrKjp8RUm94QX1h7pglDMwy7XUCFAwsnicBXT_MaU
A5: 大誠益國際實業有限公司 | B5: 寄倉新約 | C5: duncan.lin | D5: 92252 | E5: 18450 | F5: 468 | G5: 1844 | H5: 3235 | I5: 2303 | J5: 2027 | K5: 830 | L5: 32 | M5: 0 | N5: https://docs.google.com/spreadsheets/d/1SsRDqQdVt4gC7enA9wyn1Wrn76lvQ2mrGT47tbvP3B8
A6: 登薾國際貿易股份有限公司 | B6: 寄倉新約 | C6: vivi.huang | D6: 8050 | E6: 1655 | F6: 43 | G6: 161 | H6: 285 | I6: 204 | J6: 294 | K6: 14 | L6: 25 | M6: 0 | N6: https://docs.google.com/spreadsheets/d/13i2paVPpPLxq-e9K7z7ERA5G5JSz5cXlHah3ObtYtJA
A7: 老妹的灶下有限公司 | B7: 轉單合約 | C7: duncan.lin | D7: 4358 | E7: 872 | F7: 0 | G7: 87 | H7: 349 | I7: 0 | J7: 0 | K7: 0 | L7: 0 | M7: 0 | N7: https://docs.google.com/spreadsheets/d/1H3I-6L0ypxSo97-2zfLX5uitD88K5vfSAI9mPaXDJ54
A8: 亞帝士運動用品 | B8: 寄倉新約 | C8: 周芃葳 | D8: 2780 | E8: 556 | F8: 13 | G8: 57 | H8: 98 | I8: 70 | J8: 86 | K8: 40 | L8: 43 | M8: 0 | N8: https://docs.google.com/spreadsheets/d/1al_l_Pso9m4v6Mo6kzextDhqJMyMb-kBeq1AO-A2pEM
A9: 呈芳食品行 | B9: 寄倉新約 | C9: duncan.lin | D9: 5055 | E9: 1011 | F9: 31 | G9: 96 | H9: 183 | I9: 124 | J9: 561 | K9: 155 | L9: 43 | M9: 0 | N9: https://docs.google.com/spreadsheets/d/1G1UiuaB2QHKf3jBzil9gEDpwNr6es-Mt_oqX8sDgbFc
A10: 寶齡富錦生技股份有限公司 | B10: 寄倉新約 | C10: vivi.huang | D10: 58538 | E10: 15220 | F10: 293 | G10: 1170 | H10: 2048 | I10: 1463 | J10: 636 | K10: 1100 | L10: 69 | M10: 0 | N10: https://docs.google.com/spreadsheets/d/1llLUUR07bskHiM8vk_LlrhQ9FPVV6FuEih4MNBDQjwo
A11: 鑫欣羿股份有限公司 | B11: 寄倉新約 | C11: duncan.lin | D11: 101728 | E11: 23398 | F11: 521 | G11: 2038 | H11: 3559 | I11: 2549 | J11: 5941 | K11: 0 | L11: 105 | M11: 0 | N11: https://docs.google.com/spreadsheets/d/1iZNenV3xJL9HY6nZjwI_bTrnb_lkNaZFfg0CYTzMPbQ
A12: 柏立奧有限公司 | B12: 寄倉新約 | C12: vivi.huang | D12: 142712 | E12: 31450 | F12: 709 | G12: 2869 | H12: 5029 | I12: 3577 | J12: 5336 | K12: 2558 | L12: 1207 | M12: 0 | N12: https://docs.google.com/spreadsheets/d/1-UCIjzG1LvreYLO1wvrFGSeC_C7tVwntAyxHUsWbC7I
A13: 艾斯德有限公司 | B13: 寄倉新約 | C13: vivi.huang | D13: 0 | E13: 0 | F13: 0 | G13: 0 | H13: 0 | I13: 0 | J13: 0 | K13: 0 | L13: 16 | M13: 0 | N13: https://docs.google.com/spreadsheets/d/1KjCzntCTmysPmYi5MKioF37vZKZZKmzJKaIcJae9eA8
... A160: 呂明瑾創意行銷有限公司 | B160: 轉單合約 | C160: nic.lin | D160: 2785 | E160: 501 | F160: 0 | G160: 56 | H160: 223 | I160: 0 | J160: 0 | K160: 0 | L160: 0 | M160: 0 | N160: https://docs.google.com/spreadsheets/d/16x5Hsy_0r-BP9PMjFzvlAmRarqjmkAtAJGgNoWjDF8Q

Sheet 2024-04
A1: 廠商名稱 | B1: 合作模式 | C1: 負責人 | D1: 銷售總額 | E1: 抽成 | F1: 平台維護費 | G1: 金流處理費 | H1: 行銷推廣費 | I1: 活動贊助費 | J1: 運費攤提 | K1: 人工處理費 | L1: 倉租加總 | M1: 吸收額 | N1: 報表連結
A2: 明奇食品有限公司 | B2: 寄倉新約 | C2: duncan.lin | D2: 20347 | E2: 4069 | F2: 103 | G2: 413 | H2: 726 | I2: 506 | J2: 827 | K2: 584 | L2: 206 | M2: 0 | N2: https://docs.google.com/spreadsheets/d/1auqMPcDxG9tY-BAgctIuBRV96US2nFmS6R5h3x0NHSA
A3: 萬灃興貿易有限公司 | B3: 寄倉新約 | C3: duncan.lin | D3: 42887 | E3: 8577 | F3: 214 | G3: 887 | H3: 1495 | I3: 1049 | J3: 1769 | K3: 244 | L3: 174 | M3: 0 | N3: https://docs.google.com/spreadsheets/d/1VLlFa6wBchMFnvmvpKDluMWItWti9GCaTcHn3uSn7dw
A4: 愛上大數據股份有限公司 | B4: 轉單合約 | C4: duncan.lin | D4: 2370 | E4: 474 | F4: 0 | G4: 47 | H4: 190 | I4: 0 | J4: 0 | K4: 0 | L4: 0 | M4: 0 | N4: https://docs.google.com/spreadsheets/d/1uIPb8DQy6PWymaX8JcZ2-U5yR9L2Le1T9_3pjRxicoM
A5: 大誠益國際實業有限公司 | B5: 寄倉新約 | C5: duncan.lin | D5: 69756 | E5: 13951 | F5: 356 | G5: 1392 | H5: 2444 | I5: 1747 | J5: 1568 | K5: 660 | L5: 37 | M5: 0 | N5: https://docs.google.com/spreadsheets/d/1SiGav0NxFZyGE7aQ7x1rD6davuMAf0xGoUJafoaxg70
A6: 登薾國際貿易股份有限公司 | B6: 寄倉新約 | C6: vivi.huang | D6: 4400 | E6: 880 | F6: 23 | G6: 88 | H6: 155 | I6: 111 | J6: 113 | K6: 10 | L6: 20 | M6: 0 | N6: https://docs.google.com/spreadsheets/d/1lp-freJ1KlrZeEH01DC1Gap8b-MfTMQAQUfm9t6R1Wk
A7: 老妹的灶下有限公司 | B7: 轉單合約 | C7: duncan.lin | D7: 1019 | E7: 204 | F7: 0 | G7: 20 | H7: 82 | I7: 0 | J7: 0 | K7: 0 | L7: 0 | M7: 0 | N7: https://docs.google.com/spreadsheets/d/1qfUnOyOWr8vnJUeja1Me8hdkI2OOb-vIDCYdKsez31c
A8: 亞帝士運動用品 | B8: 寄倉新約 | C8: 周芃葳 | D8: 3120 | E8: 624 | F8: 14 | G8: 64 | H8: 110 | I8: 78 | J8: 45 | K8: 40 | L8: 40 | M8: 0 | N8: https://docs.google.com/spreadsheets/d/14yHjDkXzGuwJMgoRXssCP9gsMhV17dil71DA3J7N4bo
A9: 呈芳食品行 | B9: 寄倉新約 | C9: duncan.lin | D9: 4270 | E9: 854 | F9: 25 | G9: 81 | H9: 153 | I9: 105 | J9: 331 | K9: 130 | L9: 24 | M9: 0 | N9: https://docs.google.com/spreadsheets/d/1W5VCtDidFVSaYJG8IYBXaLUmNb2DzGa0mGl_r3VCBtM
A10: 寶齡富錦生技股份有限公司 | B10: 寄倉新約 | C10: vivi.huang | D10: 46422 | E10: 12070 | F10: 230 | G10: 930 | H10: 1624 | I10: 1159 | J10: 808 | K10: 840 | L10: 42 | M10: 0 | N10: https://docs.google.com/spreadsheets/d/163g2W-8TOGE-mn5bfVykDxAnwP-vgH8xIfjq9zYFnOk
A11: 英達科技有限公司 | B11: 轉單合約 | C11: vivi.huang | D11: 3499 | E11: 700 | F11: 0 | G11: 70 | H11: 280 | I11: 0 | J11: 0 | K11: 0 | L11: 0 | M11: 0 | N11: https://docs.google.com/spreadsheets/d/1hmgtVmGTpLiNAvEdi7EYV-dRv8PMq0WRaL48Pz6Z0Vo
A12: 鑫欣羿股份有限公司 | B12: 寄倉新約 | C12: duncan.lin | D12: 103507 | E12: 23807 | F12: 528 | G12: 2065 | H12: 3619 | I12: 2584 | J12: 6009 | K12: 0 | L12: 469 | M12: 0 | N12: https://docs.google.com/spreadsheets/d/1bbok02_Cdrk_6TNFQyK7dkiXeZnuDByqAXvYqLz3xIg
A13: 柏立奧有限公司 | B13: 寄倉新約 | C13: vivi.huang | D13: 284516 | E13: 62830 | F13: 1429 | G13: 5725 | H13: 10031 | I13: 7141 | J13: 10308 | K13: 6401 | L13: 1408 | M13: 0 | N13: https://docs.google.com/spreadsheets/d/1-wK_62iYSpz0mJleN5aj-lZXKy_IorwkSzBkB7xXqQY
... A166: 佶特國際股份有限公司 | B166: 轉單合約 | C166: nic.lin | D166: 3000 | E166: 240 | F166: 0 | G166: 60 | H166: 240 | I166: 0 | J166: 0 | K166: 0 | L166: 0 | M166: 0 | N166: https://docs.google.com/spreadsheets/d/1pw8sSdp3By9wm5p8_ET8ESjsJIiacWhr8Gi3SgDXdn0

Sheet 2024-05
A1: 廠商名稱 | B1: 合作模式 | C1: 負責人 | D1: 銷售總額 | E1: 抽成 | F1: 平台維護費 | G1: 金流處理費 | H1: 行銷推廣費 | I1: 活動贊助費 | J1: 運費攤提 | K1: 人工處理費 | L1: 倉租加總 | M1: 吸收額 | N1: 報表連結
A2: 明奇食品有限公司 | B2: 寄倉新約 | C2: duncan.lin | D2: 21734 | E2: 4347 | F2: 111 | G2: 441 | H2: 768 | I2: 537 | J2: 1070 | K2: 896 | L2: 183 | M2: 0 | N2: https://docs.google.com/spreadsheets/d/1ySp_eR5ZVZaJLG4gUcTiq4rh3HmklhLHaxRwuoqX2fg
A3: 萬灃興貿易有限公司 | B3: 寄倉新約 | C3: duncan.lin | D3: 44474 | E3: 9004 | F3: 229 | G3: 897 | H3: 1569 | I3: 1103 | J3: 2487 | K3: 258 | L3: 143 | M3: 0 | N3: https://docs.google.com/spreadsheets/d/1NtCXAN5Zc9tCeipVwZ5E2XDXk8Pzr3WBQXo1vOx11I8
A4: 凱勝運動訓練有限公司 | B4: 寄倉新約 | C4: vivi.huang | D4: 0 | E4: 0 | F4: 0 | G4: 0 | H4: 0 | I4: 0 | J4: 0 | K4: 0 | L4: 36 | M4: 0 | N4: https://docs.google.com/spreadsheets/d/1fASYN-Rfg_yKB-WABnCbG4T6dILxh5yZfVzKCgDv1bU
A5: 愛上大數據股份有限公司 | B5: 轉單合約 | C5: duncan.lin | D5: 2370 | E5: 474 | F5: 0 | G5: 47 | H5: 190 | I5: 0 | J5: 0 | K5: 0 | L5: 0 | M5: 0 | N5: https://docs.google.com/spreadsheets/d/1dhg_nh3JXtbeYWFGRIu5juhpT1nherPQMdPopANYBOo
A6: 大誠益國際實業有限公司 | B6: 寄倉新約 | C6: duncan.lin | D6: 58824 | E6: 11765 | F6: 295 | G6: 1178 | H6: 2061 | I6: 1472 | J6: 1105 | K6: 505 | L6: 39 | M6: 0 | N6: https://docs.google.com/spreadsheets/d/1BToTQDYafN3JXJ6LG1P0LwumG8Dui3XpkWfBIO4Q7Vc
A7: 登薾國際貿易股份有限公司 | B7: 寄倉新約 | C7: vivi.huang | D7: 3500 | E7: 700 | F7: 18 | G7: 70 | H7: 123 | I7: 88 | J7: 117 | K7: 8 | L7: 17 | M7: 0 | N7: https://docs.google.com/spreadsheets/d/1tqb7rAomyPMTNpLqbU6VhJhjXukb6QHOVfPA-qgsNr8
A8: 老妹的灶下有限公司 | B8: 轉單合約 | C8: duncan.lin | D8: 1698 | E8: 340 | F8: 0 | G8: 34 | H8: 136 | I8: 0 | J8: 0 | K8: 0 | L8: 0 | M8: 0 | N8: https://docs.google.com/spreadsheets/d/1SSjmUUXhqwD_wF5n9KrQBo2-2Z1n1TYzeM21oLYzERo
A9: 亞帝士運動用品 | B9: 寄倉新約 | C9: 周芃葳 | D9: 0 | E9: 0 | F9: 0 | G9: 0 | H9: 0 | I9: 0 | J9: 0 | K9: 0 | L9: 40 | M9: 0 | N9: https://docs.google.com/spreadsheets/d/1sbbzgLX23UB3_uzHWML6NUeXPzyInV4O5Fe-BkJecjM
A10: 呈芳食品行 | B10: 寄倉新約 | C10: duncan.lin | D10: 5730 | E10: 1146 | F10: 33 | G10: 116 | H10: 199 | I10: 149 | J10: 571 | K10: 165 | L10: 14 | M10: 0 | N10: https://docs.google.com/spreadsheets/d/1F_jryqJ_C0ptQf3cUsMuB2cWQcnsxXQgo3WejyaTlhQ
A11: 寶齡富錦生技股份有限公司 | B11: 寄倉新約 | C11: vivi.huang | D11: 48090 | E11: 12503 | F11: 239 | G11: 962 | H11: 1681 | I11: 1201 | J11: 1470 | K11: 880 | L11: 64 | M11: 0 | N11: https://docs.google.com/spreadsheets/d/1bk3M71ATjoxKtKH1Wt6B7zHopwcERcAtigLvaCQkh5c
A12: 鑫欣羿股份有限公司 | B12: 寄倉新約 | C12: duncan.lin | D12: 119773 | E12: 27548 | F12: 611 | G12: 2402 | H12: 4185 | I12: 3007 | J12: 6910 | K12: 0 | L12: 462 | M12: 0 | N12: https://docs.google.com/spreadsheets/d/1jPYSJ0aJZZdqK3wD-2F6DWzI6C1TLB38LvaB1TN-GdU
A13: 柏立奧有限公司 | B13: 寄倉新約 | C13: vivi.huang | D13: 150197 | E13: 33163 | F13: 749 | G13: 3012 | H13: 5278 | I13: 3755 | J13: 5621 | K13: 2247 | L13: 1349 | M13: 0 | N13: https://docs.google.com/spreadsheets/d/1YNMUdHfIOjMaSZ-USkP7OuZGT1QwPZ7IQCy9I2jYE1A
... A158: 宇恆科技有限公司 | B158: 寄倉新約 | C158: 周芃葳 | D158: 23046 | E158: 5762 | F158: 119 | G158: 460 | H158: 800 | I158: 569 | J158: 854 | K158: 240 | L158: 713 | M158: 0 | N158: https://docs.google.com/spreadsheets/d/1qTMNSzY3M55ANz01mP9T79ssLuyIt0B_zSQ95MyHjkc

Sheet 2024-06
A1: 廠商名稱 | B1: 合作模式 | C1: 負責人 | D1: 銷售總額 | E1: 抽成 | F1: 平台維護費 | G1: 金流處理費 | H1: 行銷推廣費 | I1: 活動贊助費 | J1: 運費攤提 | K1: 人工處理費 | L1: 倉租加總 | M1: 吸收額 | N1: 報表連結
A2: 明奇食品有限公司 | B2: 寄倉新約 | C2: duncan.lin | D2: 11849 | E2: 2370 | F2: 57 | G2: 238 | H2: 417 | I2: 296 | J2: 511 | K2: 316 | L2: 68 | M2: 0 | N2: https://docs.google.com/spreadsheets/d/1NXZdzWMw9iGr431AkqlKWHjwu_r0ILkrCgv57CuJJto
A3: 萬灃興貿易有限公司 | B3: 寄倉新約 | C3: duncan.lin | D3: 23986 | E3: 4797 | F3: 124 | G3: 482 | H3: 842 | I3: 596 | J3: 1321 | K3: 132 | L3: 170 | M3: 0 | N3: https://docs.google.com/spreadsheets/d/1rR_PnXAIO9CMIhWCC9jbiAvyBCowUyRLWf-mGsKDoAw
A4: 凱勝運動訓練有限公司 | B4: 寄倉新約 | C4: vivi.huang | D4: 0 | E4: 0 | F4: 0 | G4: 0 | H4: 0 | I4: 0 | J4: 0 | K4: 0 | L4: 33 | M4: 0 | N4: https://docs.google.com/spreadsheets/d/1GjZBmyB_EDMTtxyajga0t9BwRodwiF4wMv3TqafTPtk
A5: 大誠益國際實業有限公司 | B5: 寄倉新約 | C5: duncan.lin | D5: 78745 | E5: 15749 | F5: 405 | G5: 1573 | H5: 2757 | I5: 1975 | J5: 3249 | K5: 735 | L5: 41 | M5: 0 | N5: https://docs.google.com/spreadsheets/d/1oxOlUGvma6OEZhlX8X1-_krh85-0sjTQlfgHr9Xns7g
A6: 登薾國際貿易股份有限公司 | B6: 寄倉新約 | C6: vivi.huang | D6: 2800 | E6: 560 | F6: 14 | G6: 56 | H6: 99 | I6: 70 | J6: 127 | K6: 6 | L6: 12 | M6: 0 | N6: https://docs.google.com/spreadsheets/d/1D_Lct_EPx1dxM_wy22_jNs8iNU99J1eTeKVplXDvyB4
A7: 老妹的灶下有限公司 | B7: 轉單合約 | C7: duncan.lin | D7: 1349 | E7: 270 | F7: 0 | G7: 27 | H7: 108 | I7: 0 | J7: 0 | K7: 0 | L7: 0 | M7: 0 | N7: https://docs.google.com/spreadsheets/d/1W30xbDuKGuhDuyoS2JOkGJQgvLXF1EwJXxG5wZ1yALU
A8: 亞帝士運動用品 | B8: 寄倉新約 | C8: 周芃葳 | D8: 0 | E8: 0 | F8: 0 | G8: 0 | H8: 0 | I8: 0 | J8: 0 | K8: 0 | L8: 36 | M8: 0 | N8: https://docs.google.com/spreadsheets/d/1TcJiQWdPgAFpFxDRw-yeMZiCo6CXw0tY31lD1C-uGv0
A9: 呈芳食品行 | B9: 寄倉新約 | C9: duncan.lin | D9: 360 | E9: 72 | F9: 2 | G9: 7 | H9: 13 | I9: 9 | J9: 17 | K9: 10 | L9: 8 | M9: 0 | N9: https://docs.google.com/spreadsheets/d/15tKf-yCAXkw2g0NUO3feuhwH2Q9krPqzC7mriIJ7Ufs
A10: 寶齡富錦生技股份有限公司 | B10: 寄倉新約 | C10: vivi.huang | D10: 31836 | E10: 8277 | F10: 157 | G10: 640 | H10: 1113 | I10: 795 | J10: 596 | K10: 590 | L10: 54 | M10: 0 | N10: https://docs.google.com/spreadsheets/d/1QrsVUy9tw9EJ1GBjEARUe8RXnAiVWUYsyFmdtfaVPE8
A11: 英達科技有限公司 | B11: 轉單合約 | C11: vivi.huang | D11: 1080 | E11: 216 | F11: 0 | G11: 22 | H11: 86 | I11: 0 | J11: 0 | K11: 0 | L11: 0 | M11: 0 | N11: https://docs.google.com/spreadsheets/d/14NAbYsTQjq0db-hgakVSAp2NGhRzSoyfU3OX4Xvgk6Y
A12: 鑫欣羿股份有限公司 | B12: 寄倉新約 | C12: duncan.lin | D12: 102923 | E12: 23673 | F12: 528 | G12: 2057 | H12: 3597 | I12: 2576 | J12: 6214 | K12: 0 | L12: 450 | M12: 0 | N12: https://docs.google.com/spreadsheets/d/1HTXiZjULQR6fMPlsOtOjWxXJ5G1pbnOPNaRB8jXNMjc
A13: 柏立奧有限公司 | B13: 寄倉新約 | C13: vivi.huang | D13: 154130 | E13: 33712 | F13: 786 | G13: 3084 | H13: 5428 | I13: 3855 | J13: 6071 | K13: 3567 | L13: 1082 | M13: 0 | N13: https://docs.google.com/spreadsheets/d/1xPl8GL2iKxxPPR2zh7ar51Nyivvi3WYW-LgYYIMNK9U
... A154: 穀卡卡有限公司 | B154: 寄倉新約 | C154: marcy.hsu | D154: 4698 | E154: 940 | F154: 26 | G154: 96 | H154: 158 | I154: 121 | J154: 217 | K154: 0 | L154: 157 | M154: 0 | N154: https://docs.google.com/spreadsheets/d/1Oqu4VnZgWj4Z_7yraNAQTxLbtfPRvEM4JVynqrJKFyA

Sheet 2024-07
A1: 廠商名稱 | B1: 合作模式 | C1: 負責人 | D1: 銷售總額 | E1: 抽成 | F1: 平台維護費 | G1: 金流處理費 | H1: 行銷推廣費 | I1: 活動贊助費 | J1: 運費攤提 | K1: 人工處理費 | L1: 倉租加總 | M1: 吸收額 | N1: 報表連結
A2: 大誠益國際實業有限公司 | B2: 寄倉新約 | C2: nic.lin | D2: 158867 | E2: 31833 | F2: 808 | G2: 3176 | H2: 5563 | I2: 3977 | J2: 3755 | K2: 1460 | L2: 44 | M2: 0 | N2: https://docs.google.com/spreadsheets/d/1jFoojJjcloPC0t4VHVhFve90TSnVsD7GXdupMOuC9N4
A3: 向上運動股份有限公司 | B3: 轉單合約 | C3: marcy.hsu | D3: 77233 | E3: 20081 | F3: 0 | G3: 1545 | H3: 6179 | I3: 0 | J3: 0 | K3: 0 | L3: 0 | M3: 0 | N3: https://docs.google.com/spreadsheets/d/1MqfwisrdRc_1cJoxTJljLvcYX7DsHXSkZNzE1HycG_Q
A4: 明奇食品有限公司 | B4: 寄倉新約 | C4: nic.lin | D4: 12048 | E4: 2416 | F4: 61 | G4: 244 | H4: 430 | I4: 304 | J4: 681 | K4: 348 | L4: 108 | M4: 0 | N4: https://docs.google.com/spreadsheets/d/1xCAfLtt8ebIg4CHcOer826ePlxLNwfFuLaFbqFVWSKc
A5: 萬灃興貿易有限公司 | B5: 寄倉新約 | C5: nic.lin | D5: 30562 | E5: 6112 | F5: 157 | G5: 609 | H5: 1078 | I5: 762 | J5: 1213 | K5: 180 | L5: 184 | M5: 0 | N5: https://docs.google.com/spreadsheets/d/1hWZOjMGV5KMwLMN28ZeWNv_PQIl87UFZaA5IOCrve94
A6: 凱勝運動訓練有限公司 | B6: 寄倉新約 | C6: marcy.hsu | D6: 0 | E6: 0 | F6: 0 | G6: 0 | H6: 0 | I6: 0 | J6: 0 | K6: 0 | L6: 33 | M6: 0 | N6: https://docs.google.com/spreadsheets/d/1P8xBUNRz05rjTTao81x-xORt0L1vG_FoUe771pYTG_c
A7: 愛上大數據股份有限公司 | B7: 轉單合約 | C7: nic.lin | D7: 2950 | E7: 590 | F7: 0 | G7: 59 | H7: 236 | I7: 0 | J7: 0 | K7: 0 | L7: 0 | M7: 0 | N7: https://docs.google.com/spreadsheets/d/1lZlwAMoky0ihUJoqSjtJQxZKS88yRDh8OyEjUejfMlA
A8: 登薾國際貿易股份有限公司 | B8: 寄倉新約 | C8: marcy.hsu | D8: 4450 | E8: 890 | F8: 22 | G8: 89 | H8: 156 | I8: 111 | J8: 199 | K8: 10 | L8: 13 | M8: 0 | N8: https://docs.google.com/spreadsheets/d/14gcCZKHmRHfL7iCvutYtffJ7HF1xsNcf2HbPEtMQnK0
A9: 老妹的灶下有限公司 | B9: 轉單合約 | C9: nic.lin | D9: 399 | E9: 80 | F9: 0 | G9: 8 | H9: 32 | I9: 0 | J9: 0 | K9: 0 | L9: 0 | M9: 0 | N9: https://docs.google.com/spreadsheets/d/1Hf3oTo6uTQFh9c52pn088YfxEXcf1egpZRg87UUwNCs
A10: 亞帝士運動用品 | B10: 寄倉新約 | C10: nic.lin | D10: 1080 | E10: 216 | F10: 5 | G10: 22 | H10: 38 | I10: 27 | J10: 73 | K10: 10 | L10: 36 | M10: 0 | N10: https://docs.google.com/spreadsheets/d/1jcVWgU5SNsTlla131QTLM_m1wJ8nF7ap8mFDEj01Lcg
A11: 呈芳食品行 | B11: 寄倉新約 | C11: nic.lin | D11: 6270 | E11: 1254 | F11: 36 | G11: 128 | H11: 217 | I11: 164 | J11: 571 | K11: 180 | L11: 48 | M11: 0 | N11: https://docs.google.com/spreadsheets/d/1i_ykZ1P18bk_i54TtVdRaX5anJx7siBkAyn-FjhEqj0
A12: 寶齡富錦生技股份有限公司 | B12: 寄倉新約 | C12: marcy.hsu | D12: 58286 | E12: 15241 | F12: 291 | G12: 1166 | H12: 2039 | I12: 1457 | J12: 668 | K12: 1030 | L12: 42 | M12: 0 | N12: https://docs.google.com/spreadsheets/d/1LTXZxs39ya9S4j_CAqE3TcawnqUf0heSiRndIrFDohM
A13: 英達科技有限公司 | B13: 轉單合約 | C13: marcy.hsu | D13: 1080 | E13: 216 | F13: 0 | G13: 22 | H13: 86 | I13: 0 | J13: 0 | K13: 0 | L13: 0 | M13: 0 | N13: https://docs.google.com/spreadsheets/d/17yGpjKMHv2txRd1Tw7YlipIrUeMTRobKGDHkJntAh98
... A152: 瑞爾曼股份有限公司 | B152: 寄倉新約 | C152: nic.lin | D152: 999 | E152: 280 | F152: 5 | G152: 20 | H152: 35 | I152: 25 | J152: 3 | K152: 10 | L152: 6 | M152: 0 | N152: https://docs.google.com/spreadsheets/d/14RYyQEThrZycAC6ggWvMe-XHovlsUEGeFYpFPgRB6dU

Sheet 2024-08
A1: 廠商名稱 | B1: 合作模式 | C1: 負責人 | D1: 銷售總額 | E1: 抽成 | F1: 平台維護費 | G1: 金流處理費 | H1: 行銷推廣費 | I1: 活動贊助費 | J1: 運費攤提 | K1: 人工處理費 | L1: 倉租加總 | M1: 吸收額 | N1: 報表連結
A2: 明奇食品有限公司 | B2: 寄倉新約 | C2: nic.lin | D2: 14107 | E2: 2898 | F2: 73 | G2: 288 | H2: 499 | I2: 351 | J2: 450 | K2: 400 | L2: 153 | M2: 0 | N2: https://docs.google.com/spreadsheets/d/1j3trklHi4O95rHGAB17XFB70HczFtacJPidJyFVUjj0
A3: 萬灃興貿易有限公司 | B3: 寄倉新約 | C3: nic.lin | D3: 30243 | E3: 6029 | F3: 158 | G3: 613 | H3: 1066 | I3: 748 | J3: 1605 | K3: 190 | L3: 144 | M3: 0 | N3: https://docs.google.com/spreadsheets/d/1r39ZPCp_k-IpeWr2Aip8T27-NCbun_rtOxYUXbcH_Pw
A4: 凱勝運動訓練有限公司 | B4: 寄倉新約 | C4: marcy.hsu | D4: 0 | E4: 0 | F4: 0 | G4: 0 | H4: 0 | I4: 0 | J4: 0 | K4: 0 | L4: 36 | M4: 0 | N4: https://docs.google.com/spreadsheets/d/1l2EaSRJUF7zI5BvFv8IyqkWMyWTW28BjVFv_GdMlhQM
A5: 愛上大數據股份有限公司 | B5: 轉單合約 | C5: nic.lin | D5: 2950 | E5: 590 | F5: 0 | G5: 59 | H5: 236 | I5: 0 | J5: 0 | K5: 0 | L5: 0 | M5: 0 | N5: https://docs.google.com/spreadsheets/d/1CLwwrlee_jLk16FKNPzZ61UM7ldDFPHH1LhO_Xg2U_Y
A6: 大誠益國際實業有限公司 | B6: 寄倉新約 | C6: nic.lin | D6: 185492 | E6: 37400 | F6: 944 | G6: 3711 | H6: 6501 | I6: 4647 | J6: 4169 | K6: 1700 | L6: 63 | M6: 0 | N6: https://docs.google.com/spreadsheets/d/1gTga4WNRTlpFvLZC12JyP97BaJ6ifoGsMxfElsnkX0M
A7: 登薾國際貿易股份有限公司 | B7: 寄倉新約 | C7: marcy.hsu | D7: 8600 | E7: 1720 | F7: 43 | G7: 172 | H7: 301 | I7: 215 | J7: 126 | K7: 18 | L7: 21 | M7: 0 | N7: https://docs.google.com/spreadsheets/d/15nNOWMEXcm_E6ttYn-Do3HRUnb679LxtEHD5Xytsbkw
A8: 亞帝士運動用品 | B8: 寄倉新約 | C8: nic.lin | D8: 0 | E8: 0 | F8: 0 | G8: 0 | H8: 0 | I8: 0 | J8: 0 | K8: 0 | L8: 40 | M8: 0 | N8: https://docs.google.com/spreadsheets/d/1Am07kjn4olwSODiI1cWq1Ch3ixk4TzuMYED4jjCnD3U
A9: 呈芳食品行 | B9: 寄倉新約 | C9: nic.lin | D9: 4744 | E9: 949 | F9: 28 | G9: 95 | H9: 166 | I9: 116 | J9: 499 | K9: 140 | L9: 62 | M9: 0 | N9: https://docs.google.com/spreadsheets/d/12E-s7cR7bwpPJrpWUIVDQFnUUY11wkmq7C6-C-KT3G4
A10: 寶齡富錦生技股份有限公司 | B10: 寄倉新約 | C10: marcy.hsu | D10: 71543 | E10: 18773 | F10: 357 | G10: 1438 | H10: 2512 | I10: 1790 | J10: 1670 | K10: 1290 | L10: 87 | M10: 0 | N10: https://docs.google.com/spreadsheets/d/1Izn6JIIc6Jc2PmkyNFpi-SwlHJZTfsB9H7I1g-AdP9k
A11: 鑫欣羿股份有限公司 | B11: 寄倉新約 | C11: nic.lin | D11: 83251 | E11: 19148 | F11: 424 | G11: 1660 | H11: 2917 | I11: 2083 | J11: 4783 | K11: 0 | L11: 736 | M11: 0 | N11: https://docs.google.com/spreadsheets/d/1zGwdPcfDspuy3QM1w-FHRJ7_Iaj6K2SKEEQuWp9YmS4
A12: 柏立奧有限公司 | B12: 寄倉新約 | C12: marcy.hsu | D12: 199064 | E12: 44069 | F12: 979 | G12: 4000 | H12: 7009 | I12: 4970 | J12: 7203 | K12: 3882 | L12: 1636 | M12: 0 | N12: https://docs.google.com/spreadsheets/d/1emob7WlosQFm1KSJQLfXUidJleDEQKsI1RNyQiMVURE
A13: 艾斯德有限公司 | B13: 寄倉新約 | C13: marcy.hsu | D13: 0 | E13: 0 | F13: 0 | G13: 0 | H13: 0 | I13: 0 | J13: 0 | K13: 0 | L13: 16 | M13: 0 | N13: https://docs.google.com/spreadsheets/d/1mQYsfYJNt7c6x7VD8zzFRjiIh168exxCe1ImmaLepaw
... A154: 真杏府國際有限公司 | B154: 轉單合約 | C154: marcy.hsu | D154: 110 | E154: 24 | F154: 0 | G154: 2 | H154: 9 | I154: 0 | J154: 0 | K154: 0 | L154: 0 | M154: 0 | N154: https://docs.google.com/spreadsheets/d/1RGtk9ceYKWITfTIISRbYoR_L00G_A2Ll1KPSFZejwFU

Sheet 2024-09
A1: 廠商名稱 | B1: 合作模式 | C1: 負責人 | D1: 銷售總額 | E1: 抽成 | F1: 平台維護費 | G1: 金流處理費 | H1: 行銷推廣費 | I1: 活動贊助費 | J1: 運費攤提 | K1: 人工處理費 | L1: 倉租加總 | M1: 吸收額 | N1: 報表連結
A2: 柏立奧有限公司 | B2: 寄倉新約 | C2: marcy.hsu | D2: 153091 | E2: 36025 | F2: 763 | G2: 3074 | H2: 5392 | I2: 3834 | J2: 5107 | K2: 2552 | L2: 1522 | M2: 0 | N2: https://docs.google.com/spreadsheets/d/1yQB9ycK94tFngP8sDr5FNR6MXw0NdFXkv4jn8yw09qs
A3: 果果能量股份有限公司 | B3: 寄倉新約 | C3: marcy.hsu | D3: 962569 | E3: 197392 | F3: 4798 | G3: 19288 | H3: 33737 | I3: 23899 | J3: 44540 | K3: 0 | L3: 5576 | M3: 0 | N3: https://docs.google.com/spreadsheets/d/1z3wj9NOR9526JDws_BXmt5SRytkKwx9W0nKcqJsdkx4
A4: 明奇食品有限公司 | B4: 寄倉新約 | C4: nic.lin | D4: 11736 | E4: 2397 | F4: 59 | G4: 239 | H4: 414 | I4: 294 | J4: 470 | K4: 314 | L4: 130 | M4: 0 | N4: https://docs.google.com/spreadsheets/d/14kRCV5fUc2q1NVA1nY2TKPq0R9JP65Mtf5HdexMvve8
A5: 萬灃興貿易有限公司 | B5: 寄倉新約 | C5: nic.lin | D5: 25950 | E5: 5190 | F5: 134 | G5: 520 | H5: 902 | I5: 642 | J5: 1687 | K5: 164 | L5: 127 | M5: 0 | N5: https://docs.google.com/spreadsheets/d/1C8X2iAnUI9km6Pzzz2VuMx9NhqWf9Vs649F937q3dFM
A6: 凱勝運動訓練有限公司 | B6: 寄倉新約 | C6: marcy.hsu | D6: 0 | E6: 0 | F6: 0 | G6: 0 | H6: 0 | I6: 0 | J6: 0 | K6: 0 | L6: 35 | M6: 0 | N6: https://docs.google.com/spreadsheets/d/1lLmTnFk8w9U3zI3QwBiA9hswB0IS86H4f6eQRS6BHa8
A7: 愛上大數據股份有限公司 | B7: 轉單合約 | C7: nic.lin | D7: 2950 | E7: 590 | F7: 0 | G7: 59 | H7: 236 | I7: 0 | J7: 0 | K7: 0 | L7: 0 | M7: 0 | N7: https://docs.google.com/spreadsheets/d/1CZkSNuX9K3lTsJmZ-PTGX_8wNDA72IkazxxopOslRPo
A8: 大誠益國際實業有限公司 | B8: 寄倉新約 | C8: nic.lin | D8: 203664 | E8: 41035 | F8: 1028 | G8: 4077 | H8: 7125 | I8: 5094 | J8: 5491 | K8: 1870 | L8: 73 | M8: 0 | N8: https://docs.google.com/spreadsheets/d/1btAUy6fVLDMEMDb4OdX6xqa0oqucqLlsoYXN4-W0NLY
A9: 登薾國際貿易股份有限公司 | B9: 寄倉新約 | C9: marcy.hsu | D9: 2850 | E9: 570 | F9: 14 | G9: 57 | H9: 100 | I9: 71 | J9: 107 | K9: 5 | L9: 20 | M9: 0 | N9: https://docs.google.com/spreadsheets/d/1pA3wPUFWkCypXObGbWGdBoNuo3P09Dkggv-FeTSVmu4
A10: 老妹的灶下有限公司 | B10: 轉單合約 | C10: nic.lin | D10: 399 | E10: 80 | F10: 0 | G10: 8 | H10: 32 | I10: 0 | J10: 0 | K10: 0 | L10: 0 | M10: 0 | N10: https://docs.google.com/spreadsheets/d/1o-EbInRE-dHyAIrAYO4z0xGpE5dx3ApddUIfVAeEXUw
A11: 亞帝士運動用品 | B11: 寄倉新約 | C11: nic.lin | D11: 0 | E11: 0 | F11: 0 | G11: 0 | H11: 0 | I11: 0 | J11: 0 | K11: 0 | L11: 38 | M11: 0 | N11: https://docs.google.com/spreadsheets/d/1XPQG4IUH7GeVlRoJoI7Gd5gxvI1FhAubjm9H6J9z7zU
A12: 呈芳食品行 | B12: 寄倉新約 | C12: nic.lin | D12: 5510 | E12: 1102 | F12: 30 | G12: 112 | H12: 191 | I12: 142 | J12: 653 | K12: 165 | L12: 43 | M12: 0 | N12: https://docs.google.com/spreadsheets/d/1wPGe4eI17RAz8u7FGtoMAB-mu4rMHt2TW48LXVr9zCo
A13: 寶齡富錦生技股份有限公司 | B13: 寄倉新約 | C13: marcy.hsu | D13: 50874 | E13: 13227 | F13: 256 | G13: 1018 | H13: 1777 | I13: 1270 | J13: 1500 | K13: 1060 | L13: 97 | M13: 0 | N13: https://docs.google.com/spreadsheets/d/1o7JCB9tV_NDUC9pwRZWoG5Flyx3YIpEHQ9le1G0hve4
... A149: 鈺統食品股份有限公司(轉單) | B149: 轉單合約 | C149: nic.lin | D149: 960 | E149: 192 | F149: 0 | G149: 19 | H149: 77 | I149: 0 | J149: 0 | K149: 0 | L149: 0 | M149: 0 | N149: https://docs.google.com/spreadsheets/d/1cJ9zrSoF1-Ap6s9MIklt0ikvCXLopMb0BYNb0zlPlDI

Sheet 2024-10
A1: 廠商名稱 | B1: 合作模式 | C1: 負責人 | D1: 銷售總額 | E1: 抽成 | F1: 平台維護費 | G1: 金流處理費 | H1: 行銷推廣費 | I1: 活動贊助費 | J1: 運費攤提 | K1: 人工處理費 | L1: 倉租加總 | M1: 吸收額 | N1: 報表連結
A2: 明奇食品有限公司 | B2: 寄倉新約 | C2: nic.lin | D2: 12584 | E2: 2561 | F2: 62 | G2: 255 | H2: 445 | I2: 443 | J2: 448 | K2: 374 | L2: 137 | M2: 0 | N2: https://docs.google.com/spreadsheets/d/1LsjNmprw1Sv_IHKdaAvlQhkAX2jAPa_7I6jxIChDWkA
A3: 萬灃興貿易有限公司 | B3: 寄倉新約 | C3: nic.lin | D3: 21854 | E3: 4371 | F3: 108 | G3: 439 | H3: 764 | I3: 761 | J3: 1077 | K3: 124 | L3: 134 | M3: 0 | N3: https://docs.google.com/spreadsheets/d/1NGafDnlUnkppW5pX1dFBB-428i334OVoL0RBuFs-vdI
A4: 凱勝運動訓練有限公司 | B4: 寄倉新約 | C4: marcy.hsu | D4: 0 | E4: 0 | F4: 0 | G4: 0 | H4: 0 | I4: 0 | J4: 0 | K4: 0 | L4: 36 | M4: 0 | N4: https://docs.google.com/spreadsheets/d/1_lKDxqjGPJgrTQf0CxxcuwApWzKWA4Yk7kTcYBSyBzE
A5: 大誠益國際實業有限公司 | B5: 寄倉新約 | C5: nic.lin | D5: 141512 | E5: 28544 | F5: 708 | G5: 2833 | H5: 4958 | I5: 4925 | J5: 3931 | K5: 1405 | L5: 117 | M5: 0 | N5: https://docs.google.com/spreadsheets/d/194CitJeOxrj-GDSXiAP_iWXvYvh70CklCZ1ofoc5_SU
A6: 登薾國際貿易股份有限公司 | B6: 寄倉新約 | C6: marcy.hsu | D6: 4550 | E6: 955 | F6: 24 | G6: 91 | H6: 161 | I6: 161 | J6: 187 | K6: 8 | L6: 26 | M6: 0 | N6: https://docs.google.com/spreadsheets/d/1ZENb0E8hN1l4t0wmPJ4Cz0AGyk0vLJCOV2335k2jLUs
A7: 老妹的灶下有限公司 | B7: 轉單合約 | C7: nic.lin | D7: 1698 | E7: 340 | F7: 0 | G7: 34 | H7: 136 | I7: 0 | J7: 0 | K7: 0 | L7: 0 | M7: 0 | N7: https://docs.google.com/spreadsheets/d/1bwdTdMFLZ5ZSvThnwM9NisD_J1K_QGrnoUF51gw5XWM
A8: 亞帝士運動用品 | B8: 寄倉新約 | C8: nic.lin | D8: 0 | E8: 0 | F8: 0 | G8: 0 | H8: 0 | I8: 0 | J8: 0 | K8: 0 | L8: 40 | M8: 0 | N8: https://docs.google.com/spreadsheets/d/18SwBVjx5SuHYutX3mSbLoqygDoNDS4ah3egeJo39PIM
A9: 呈芳食品行 | B9: 寄倉新約 | C9: nic.lin | D9: 2255 | E9: 451 | F9: 13 | G9: 47 | H9: 78 | I9: 78 | J9: 257 | K9: 65 | L9: 44 | M9: 0 | N9: https://docs.google.com/spreadsheets/d/1qu6kdjuoZs7nq77g9asUv78qNCdWf_5tWksKmcxzms8
A10: 寶齡富錦生技股份有限公司 | B10: 寄倉新約 | C10: marcy.hsu | D10: 76805 | E10: 20183 | F10: 386 | G10: 1536 | H10: 2685 | I10: 2658 | J10: 2360 | K10: 1310 | L10: 78 | M10: 0 | N10: https://docs.google.com/spreadsheets/d/1424GC7gYJeP_6-J7JL6WRQOojSsBef-VlJl9Np84SPs
A11: 鑫欣羿股份有限公司 | B11: 寄倉新約 | C11: nic.lin | D11: 81123 | E11: 18659 | F11: 410 | G11: 1621 | H11: 2837 | I11: 2837 | J11: 4768 | K11: 0 | L11: 213 | M11: 0 | N11: https://docs.google.com/spreadsheets/d/1qM5RfP0bWYlIonxTFTM-KsC8TL7BKaqMxPXqzuMh3Lk
A12: 柏立奧有限公司 | B12: 寄倉新約 | C12: marcy.hsu | D12: 172129 | E12: 40849 | F12: 866 | G12: 3449 | H12: 6053 | I12: 6036 | J12: 5351 | K12: 2240 | L12: 1646 | M12: 0 | N12: https://docs.google.com/spreadsheets/d/13aNdt-o1j1vbovFgotxPDRUbUYd2XvycXPW_dzBi82E
A13: 艾斯德有限公司 | B13: 寄倉新約 | C13: marcy.hsu | D13: 0 | E13: 0 | F13: 0 | G13: 0 | H13: 0 | I13: 0 | J13: 0 | K13: 0 | L13: 16 | M13: 0 | N13: https://docs.google.com/spreadsheets/d/1rsjIuX2E1bXoe-X8_BbVInuBgyJr0F6udraiYMt3rdI
... A146: 丞高有限公司 | B146: 轉單合約 | C146: marcy.hsu | D146: 6702 | E146: 1541 | F146: 0 | G146: 134 | H146: 536 | I146: 0 | J146: 0 | K146: 0 | L146: 0 | M146: 0 | N146: https://docs.google.com/spreadsheets/d/1gHB-R58UF3f4UvmIGShu_6OH8yOAAHvQSiJtFakmKGk

Sheet 2024-11
A1: 廠商名稱 | B1: 合作模式 | C1: 負責人 | D1: 銷售總額 | E1: 抽成 | F1: 平台維護費 | G1: 金流處理費 | H1: 行銷推廣費 | I1: 活動贊助費 | J1: 運費攤提 | K1: 人工處理費 | L1: 倉租加總 | M1: 吸收額 | N1: 報表連結
A2: 明奇食品有限公司 | B2: 寄倉新約 | C2: nic.lin | D2: 11108 | E2: 2268 | F2: 56 | G2: 223 | H2: 398 | I2: 501 | J2: 521 | K2: 278 | L2: 105 | M2: 0 | N2: https://docs.google.com/spreadsheets/d/1_-7NpJtEBr7GvmOMQtALBHuqVE330A5o9IGj5gE8U9A
A3: 萬灃興貿易有限公司 | B3: 寄倉新約 | C3: nic.lin | D3: 17662 | E3: 3532 | F3: 86 | G3: 356 | H3: 619 | I3: 792 | J3: 1163 | K3: 104 | L3: 131 | M3: 0 | N3: https://docs.google.com/spreadsheets/d/17QdOFdtOqoAVJnyFCGEiG10tj8bAU2FjmghHbY4jIfQ
A4: 凱勝運動訓練有限公司 | B4: 寄倉新約 | C4: marcy.hsu | D4: 0 | E4: 0 | F4: 0 | G4: 0 | H4: 0 | I4: 0 | J4: 0 | K4: 0 | L4: 35 | M4: 0 | N4: https://docs.google.com/spreadsheets/d/1u0bPEC4LQX8vRqfvSHLk2lxoecEl7_uNOqrBLdSwQfs
A5: 愛上大數據股份有限公司 | B5: 轉單合約 | C5: nic.lin | D5: 2950 | E5: 590 | F5: 0 | G5: 59 | H5: 266 | I5: 0 | J5: 0 | K5: 0 | L5: 0 | M5: 0 | N5: https://docs.google.com/spreadsheets/d/1nnDBkImE-VZVRZTZRiYKKkcmRi-Rp_8H88sk3azVxxI
A6: 大誠益國際實業有限公司 | B6: 寄倉新約 | C6: nic.lin | D6: 143503 | E6: 28958 | F6: 724 | G6: 2865 | H6: 5025 | I6: 6357 | J6: 3834 | K6: 1305 | L6: 152 | M6: 0 | N6: https://docs.google.com/spreadsheets/d/1y5AfEt-4z9mKmfBraewatG9B2-hy_-dxm2HLmd3UdvI
A7: 登薾國際貿易股份有限公司 | B7: 寄倉新約 | C7: marcy.hsu | D7: 5600 | E7: 1120 | F7: 28 | G7: 112 | H7: 197 | I7: 252 | J7: 113 | K7: 12 | L7: 20 | M7: 0 | N7: https://docs.google.com/spreadsheets/d/1eASlWA30trj6GChS2AH0ksILgj5A6Ah-Ah14E1YX0vw
A8: 亞帝士運動用品 | B8: 寄倉新約 | C8: nic.lin | D8: 0 | E8: 0 | F8: 0 | G8: 0 | H8: 0 | I8: 0 | J8: 0 | K8: 0 | L8: 38 | M8: 0 | N8: https://docs.google.com/spreadsheets/d/1nFsUryPK7DbMgGGsflWKWWKIY-k_u1KYApHsdarC9Vk
A9: 呈芳食品行 | B9: 寄倉新約 | C9: nic.lin | D9: 6267 | E9: 1253 | F9: 35 | G9: 138 | H9: 217 | I9: 285 | J9: 578 | K9: 180 | L9: 52 | M9: 0 | N9: https://docs.google.com/spreadsheets/d/1W9xCgwE8fQXQOX9IwG5Nwt-wY-7c5gg_FVTQ16fok50
A10: 寶齡富錦生技股份有限公司 | B10: 寄倉新約 | C10: marcy.hsu | D10: 62758 | E10: 16546 | F10: 314 | G10: 1256 | H10: 2195 | I10: 2807 | J10: 1117 | K10: 1080 | L10: 60 | M10: 0 | N10: https://docs.google.com/spreadsheets/d/13MKmPjta_OKRsJ3jRJLFrd1nbsJyBqXgRbcdi6arM9M
A11: 鑫欣羿股份有限公司 | B11: 寄倉新約 | C11: nic.lin | D11: 101954 | E11: 23369 | F11: 516 | G11: 2042 | H11: 3568 | I11: 4520 | J11: 5877 | K11: 0 | L11: 557 | M11: 0 | N11: https://docs.google.com/spreadsheets/d/1U8cBqPKskVUwlYsqpTwNtJTp_V7onfkM_ENL8kT0WtQ
A12: 柏立奧有限公司 | B12: 寄倉新約 | C12: marcy.hsu | D12: 247670 | E12: 58035 | F12: 1242 | G12: 4965 | H12: 8712 | I12: 11144 | J12: 9046 | K12: 3808 | L12: 1884 | M12: 0 | N12: https://docs.google.com/spreadsheets/d/1I14ibiNp7dfVCJN7K99tsr6tAnxLcFxL-H4nx8Mq_Ao
A13: 艾斯德有限公司 | B13: 寄倉新約 | C13: marcy.hsu | D13: 0 | E13: 0 | F13: 0 | G13: 0 | H13: 0 | I13: 0 | J13: 0 | K13: 0 | L13: 16 | M13: 0 | N13: https://docs.google.com/spreadsheets/d/1ABw9_1fS6s4kPZhs2jv0UWjiFTeb-oNR40BbBv4MQSY
... A153: 瑞奧股份有限公司 | B153: 轉單合約 | C153: 劉純瑄 | D153: 3060 | E153: 918 | F153: 0 | G153: 61 | H153: 275 | I153: 0 | J153: 0 | K153: 0 | L153: 0 | M153: 0 | N153: https://docs.google.com/spreadsheets/d/11hUgs__v_0ngfvCbx4DfZ9QVkXM_96La7ZlmKiQoBrc

Sheet 2024-12
A1: 廠商名稱 | B1: 合作模式 | C1: 負責人 | D1: 銷售總額 | E1: 抽成 | F1: 平台維護費 | G1: 金流處理費 | H1: 行銷推廣費 | I1: 活動贊助費 | J1: 運費攤提 | K1: 人工處理費 | L1: 倉租加總 | M1: 吸收額 | N1: 報表連結
A2: 聖沐生技有限公司 | B2: 寄倉新約 | C2: james.tseng | D2: 46199 | E2: 10844 | F2: 228 | G2: 927 | H2: 1618 | I2: 1620 | J2: 1714 | K2: 580 | L2: 268 | M2: 0 | N2: https://docs.google.com/spreadsheets/d/1Mvgl6ADuAflfePHaOkFUZDlZlPqRMW06BujyE8NaeUE
A3: 沛裕實業有限公司 | B3: 寄倉新約 | C3: james.tseng | D3: 34411 | E3: 7177 | F3: 181 | G3: 690 | H3: 1195 | I3: 1195 | J3: 1314 | K3: 0 | L3: 693 | M3: 0 | N3: https://docs.google.com/spreadsheets/d/1rAnX82h5-2H-f3NkxFi_eoin9dKtxvynxiAAgSasrLM
A4: 明奇食品有限公司 | B4: 寄倉新約 | C4: nic.lin | D4: 15445 | E4: 3185 | F4: 76 | G4: 315 | H4: 547 | I4: 547 | J4: 632 | K4: 376 | L4: 76 | M4: 0 | N4: https://docs.google.com/spreadsheets/d/1FicWLs5WFhfCLEFiNkyXHDYd62klQBEPSlKah1xha0A
A5: 萬灃興貿易有限公司 | B5: 寄倉新約 | C5: nic.lin | D5: 20041 | E5: 4008 | F5: 98 | G5: 405 | H5: 701 | I5: 701 | J5: 1109 | K5: 114 | L5: 84 | M5: 0 | N5: https://docs.google.com/spreadsheets/d/1NB2s9stu6vN5fxQiUz_TOln_K9zRzhKNRQ2WU4FR9KE
A6: 凱勝運動訓練有限公司 | B6: 寄倉新約 | C6: marcy.hsu | D6: 0 | E6: 0 | F6: 0 | G6: 0 | H6: 0 | I6: 0 | J6: 0 | K6: 0 | L6: 36 | M6: 0 | N6: https://docs.google.com/spreadsheets/d/1yEn7LQ6FObRToLqhGTCRjrp0PnU-jpP-A0VA_UkzP5Q
A7: 大誠益國際實業有限公司 | B7: 寄倉新約 | C7: nic.lin | D7: 87732 | E7: 17667 | F7: 443 | G7: 1754 | H7: 3075 | I7: 3075 | J7: 1886 | K7: 760 | L7: 90 | M7: 0 | N7: https://docs.google.com/spreadsheets/d/1HFs6AXqkl7KqKUszYRNbn8inmGPLsubsjY0Yv2wHzkI
A8: 登薾國際貿易股份有限公司 | B8: 寄倉新約 | C8: marcy.hsu | D8: 800 | E8: 160 | F8: 4 | G8: 16 | H8: 28 | I8: 28 | J8: 14 | K8: 2 | L8: 20 | M8: 0 | N8: https://docs.google.com/spreadsheets/d/16Ja-kkTEzIAky1xRwmJR-5MJQJKutx9lMIcAQD2_ATo
A9: 老妹的灶下有限公司 | B9: 轉單合約 | C9: nic.lin | D9: 399 | E9: 80 | F9: 0 | G9: 8 | H9: 32 | I9: 0 | J9: 0 | K9: 0 | L9: 0 | M9: 0 | N9: https://docs.google.com/spreadsheets/d/1ISJaAd_ukH6cq9A1I-3xp2MLna4ZwyiU1GgW5ixwXEc
A10: 亞帝士運動用品 | B10: 寄倉新約 | C10: nic.lin | D10: 0 | E10: 0 | F10: 0 | G10: 0 | H10: 0 | I10: 0 | J10: 0 | K10: 0 | L10: 40 | M10: 0 | N10: https://docs.google.com/spreadsheets/d/1E6Tlb_9nuhh89dg7LPK76gKT21AuVLoguocCUURSSLI
A11: 呈芳食品行 | B11: 寄倉新約 | C11: nic.lin | D11: 4845 | E11: 969 | F11: 27 | G11: 99 | H11: 168 | I11: 168 | J11: 603 | K11: 140 | L11: 16 | M11: 0 | N11: https://docs.google.com/spreadsheets/d/1Py-Xf_ZXP7N1w20zC7gw81c2Rt-yuWQD8BqMoRSuCUA
A12: 寶齡富錦生技股份有限公司 | B12: 寄倉新約 | C12: marcy.hsu | D12: 47598 | E12: 12448 | F12: 242 | G12: 952 | H12: 1665 | I12: 1673 | J12: 1379 | K12: 810 | L12: 37 | M12: 0 | N12: https://docs.google.com/spreadsheets/d/15RZ3QY8FwZ4m5tcWE4qWoD8y1v493P5FRA2zUegIdBA
A13: 鑫欣羿股份有限公司 | B13: 寄倉新約 | C13: nic.lin | D13: 70219 | E13: 16151 | F13: 355 | G13: 1401 | H13: 2459 | I13: 2459 | J13: 3910 | K13: 0 | L13: 351 | M13: 0 | N13: https://docs.google.com/spreadsheets/d/1oV6jkKiVKaomeVNEoei9B8BlvFhuvv-2396dHiwrhuI
... A136: 芙亞國際股份有限公司 | B136: 54136898 | C136: 轉單合約 | D136: 2460 | E136: 517 | F136: 0 | G136: 49 | H136: 197 | I136: 0 | J136: 0 | K136: 0 | L136: 0 | M136: 0 | N136: https://docs.google.com/spreadsheets/d/11aoXTiKpQ1RLF1t50qvhQBqvVrPUFeCQbqWmdh13Ly8

Sheet 2025-01
A1: 廠商名稱 | B1: 統一編號 | C1: 合作模式 | D1: 負責人 | E1: 銷售總額 | F1: 抽成 | G1: 平台維護費 | H1: 金流處理費 | I1: 行銷推廣費 | J1: 活動贊助費 | K1: 運費攤提 | L1: 人工處理費 | M1: 倉租加總 | N1: 吸收額 | O1: 廣告方案費用 | P1: 報表連結
A2: 綠富有限公司 | B2: 42918432 | C2: 寄倉新約 | D2: james.tseng | E2: 385475 | F2: 91754 | G2: 1928 | H2: 7719 | I2: 13484 | J2: 9693 | K2: 8414 | L2: 4141 | M2: 4855 | N2: 0 | O2: 0 | P2: https://docs.google.com/spreadsheets/d/1FTCkbPyIxj_VO9INtIg463vZZCxZfaNgkthoUpka9_I
A3: 明奇食品有限公司 | B3: 86175892 | C3: 寄倉新約 | D3: nic.lin | E3: 5194 | F3: 1047 | G3: 25 | H3: 106 | I3: 186 | J3: 131 | K3: 113 | L3: 142 | M3: 51 | N3: 0 | O3: 0 | P3: https://docs.google.com/spreadsheets/d/1v3nacm17YFQav2VuD9_jYfpmXGbSrSO0ICqNWRqH80Y
A4: 萬灃興貿易有限公司 | B4: 52281277 | C4: 寄倉新約 | D4: nic.lin | E4: 8633 | F4: 1727 | G4: 41 | H4: 176 | I4: 303 | J4: 215 | K4: 611 | L4: 50 | M4: 98 | N4: 0 | O4: 0 | P4: https://docs.google.com/spreadsheets/d/1FS3FK11HJYjAvchLGqwDbW1l0YeHf0D3gOXGi4ld0C4
A5: 凱勝運動訓練有限公司 | B5: 43941278 | C5: 寄倉新約 | D5: marcy.hsu | E5: 0 | F5: 0 | G5: 0 | H5: 0 | I5: 0 | J5: 0 | K5: 0 | L5: 0 | M5: 36 | N5: 0 | O5: 0 | P5: https://docs.google.com/spreadsheets/d/1A2rihQc5jtn_uPgbEZb_TiOpPteBrYw6tXDFPjnYFuM
A6: 大誠益國際實業有限公司 | B6: 42772915 | C6: 寄倉新約 | D6: nic.lin | E6: 49179 | F6: 9846 | G6: 250 | H6: 983 | I6: 1723 | J6: 1228 | K6: 1572 | L6: 475 | M6: 169 | N6: 0 | O6: 0 | P6: https://docs.google.com/spreadsheets/d/1WI-awkrfxBkVJHajNetdR8Q0e5AMFckH-PVqXqWsmz4
A7: 登薾國際貿易股份有限公司 | B7: 25034484 | C7: 寄倉新約 | D7: marcy.hsu | E7: 400 | F7: 80 | G7: 2 | H7: 8 | I7: 14 | J7: 10 | K7: 2 | L7: 1 | M7: 18 | N7: 0 | O7: 0 | P7: https://docs.google.com/spreadsheets/d/1_W3zEfmNuljP4kR6RhTmvtf6vaWhK8FjwS_L8HgCzIE
A8: 老妹的灶下有限公司 | B8: 82906720 | C8: 轉單合約 | D8: nic.lin | E8: 620 | F8: 124 | G8: 0 | H8: 12 | I8: 50 | J8: 0 | K8: 0 | L8: 0 | M8: 0 | N8: 0 | O8: 0 | P8: https://docs.google.com/spreadsheets/d/15Z6hK7JLTUdO0NjPCsED_lUmMMD0wJTICWTCgPjcdV4
A9: 亞帝士運動用品 | B9: 47530310 | C9: 寄倉新約 | D9: nic.lin | E9: 0 | F9: 0 | G9: 0 | H9: 0 | I9: 0 | J9: 0 | K9: 0 | L9: 0 | M9: 40 | N9: 0 | O9: 0 | P9: https://docs.google.com/spreadsheets/d/1eIr4BbP2C_uWuLmQvWNiAndIhxP2yEclHi0_Vxk31yQ
A10: 呈芳食品行 | B10: 85377195 | C10: 寄倉新約 | D10: nic.lin | E10: 640 | F10: 128 | G10: 3 | H10: 13 | I10: 22 | J10: 16 | K10: 64 | L10: 20 | M10: 1 | N10: 0 | O10: 0 | P10: https://docs.google.com/spreadsheets/d/16XPr11WMHVGinYD9qvzZXZx5sIabqzwMSTqGq_YPP-c
A11: 寶齡富錦生技股份有限公司 | B11: 04742997 | C11: 寄倉新約 | D11: marcy.hsu | E11: 24662 | F11: 6577 | G11: 123 | H11: 494 | I11: 863 | J11: 618 | K11: 553 | L11: 400 | M11: 87 | N11: 0 | O11: 0 | P11: https://docs.google.com/spreadsheets/d/1dnhoHJbs5HIeCHnN6HiDj3zbGkc8D6629xWz1PULPkU
A12: 鑫欣羿股份有限公司 | B12: 83138157 | C12: 寄倉新約 | D12: nic.lin | E12: 47462 | F12: 10916 | G12: 247 | H12: 947 | I12: 1659 | J12: 1196 | K12: 2784 | L12: 0 | M12: 81 | N12: 0 | O12: 0 | P12: https://docs.google.com/spreadsheets/d/1tnimLgBqManHDfbY9yEar31X1iatcZ0niQJ2aJ6ATOI
A13: 柏立奧有限公司 | B13: 83784669 | C13: 寄倉新約 | D13: marcy.hsu | E13: 112746 | F13: 25596 | G13: 573 | H13: 2251 | I13: 3962 | J13: 2822 | K13: 3878 | L13: 1425 | M13: 1330 | N13: 0 | O13: 0 | P13: https://docs.google.com/spreadsheets/d/1uK5eakTaDj-Hvw6xvEKiDwA0pr4gsb7EIK7c-xrSRTQ
... A135: 台灣明治食品股份有限公司 | B135: 52613156 | C135: 寄倉新約 | D135: nic.lin | E135: 27998 | F135: 5548 | G135: 138 | H135: 562 | I135: 985 | J135: 700 | K135: 721 | L135: 350 | M135: 1245 | N135: 0 | O135: 0 | P135: https://docs.google.com/spreadsheets/d/1D8MjQiY1CMPiZ7UMsQW5LieI6YcaAyEg4DNTVxqEMsw

Sheet 2025-02
A1: 廠商名稱 | B1: 統一編號 | C1: 合作模式 | D1: 負責人 | E1: 銷售總額 | F1: 抽成 | G1: 平台維護費 | H1: 金流處理費 | I1: 行銷推廣費 | J1: 活動贊助費 | K1: 運費攤提 | L1: 人工處理費 | M1: 倉租加總 | N1: 吸收額 | O1: 廣告方案費用報表連結
A2: 明奇食品有限公司 | B2: 86175892 | C2: 寄倉新約 | D2: nic.lin | E2: 7911 | F2: 1582 | G2: 38 | H2: 161 | I2: 280 | J2: 198 | K2: 321 | L2: 210 | M2: 32 | N2: 0 | O2: 0 | P2: https://docs.google.com/spreadsheets/d/1muAGlgVKy5Ck56PUfmvBQlwTKcsjkchf1TOIneicHA0
A3: 萬灃興貿易有限公司 | B3: 52281277 | C3: 寄倉新約 | D3: nic.lin | E3: 10027 | F3: 2005 | G3: 51 | H3: 200 | I3: 352 | J3: 251 | K3: 520 | L3: 56 | M3: 66 | N3: 0 | O3: 0 | P3: https://docs.google.com/spreadsheets/d/13dZlvKltS2Mds1w3UH6oAyyjXr1ePTK7gFpCTD10FAc
A4: 凱勝運動訓練有限公司 | B4: 43941278 | C4: 寄倉新約 | D4: nic.lin | E4: 0 | F4: 0 | G4: 0 | H4: 0 | I4: 0 | J4: 0 | K4: 0 | L4: 0 | M4: 33 | N4: 0 | O4: 0 | P4: https://docs.google.com/spreadsheets/d/1AkXSnilrXhZi-I9jLgeSWoY3bD-oSPTQ-0BQ_4n127o
A5: 大誠益國際實業有限公司 | B5: 42772915 | C5: 寄倉新約 | D5: nic.lin | E5: 28890 | F5: 5798 | G5: 148 | H5: 579 | I5: 1014 | J5: 719 | K5: 1060 | L5: 290 | M5: 161 | N5: 0 | O5: 0 | P5: https://docs.google.com/spreadsheets/d/18vbjkHEOPumpKY3tqaZhjVGjGDYB04aNM-BSfXJ3UgI
A6: 登薾國際貿易股份有限公司 | B6: 25034484 | C6: 寄倉新約 | D6: nic.lin | E6: 1500 | F6: 345 | G6: 8 | H6: 30 | I6: 53 | J6: 38 | K6: 83 | L6: 1 | M6: 13 | N6: 0 | O6: 0 | P6: https://docs.google.com/spreadsheets/d/1hGZspaON99fd2_6O9UXBiJD7wE7UxGKZ_LylAvu26bQ
A7: 亞帝士運動用品 | B7: 47530310 | C7: 寄倉新約 | D7: nic.lin | E7: 0 | F7: 0 | G7: 0 | H7: 0 | I7: 0 | J7: 0 | K7: 0 | L7: 0 | M7: 36 | N7: 0 | O7: 0 | P7: https://docs.google.com/spreadsheets/d/1IpbT1Ybmnc8ArIkiL__flf4raHijdMbYwCpXu56eKJg
A8: 寶齡富錦生技股份有限公司 | B8: 04742997 | C8: 寄倉新約 | D8: nic.lin | E8: 36887 | F8: 9614 | G8: 185 | H8: 740 | I8: 1291 | J8: 925 | K8: 1113 | L8: 590 | M8: 115 | N8: 0 | O8: 0 | P8: https://docs.google.com/spreadsheets/d/1YAjE3wgHCKHvIhXMMylMrFkugjeAVDQW1yX-fLVDQ9E
A9: 鑫欣羿股份有限公司 | B9: 83138157 | C9: 寄倉新約 | D9: nic.lin | E9: 44397 | F9: 10212 | G9: 225 | H9: 885 | I9: 1558 | J9: 1107 | K9: 2628 | L9: 0 | M9: 474 | N9: 0 | O9: 0 | P9: https://docs.google.com/spreadsheets/d/1JV6oh4jmtpYa1WFHTHxD9j_0hqBvx75Ztn65ALXIkfQ
A10: 柏立奧有限公司 | B10: 83784669 | C10: 寄倉新約 | D10: nic.lin | E10: 127898 | F10: 28579 | G10: 645 | H10: 2556 | I10: 4489 | J10: 3199 | K10: 6061 | L10: 1873 | M10: 1057 | N10: 0 | O10: 0 | P10: https://docs.google.com/spreadsheets/d/1Z4HLkbNg1SiTGNAc1OVgMgnksJ7Ka4B58jeW-O9HyHI
A11: 艾斯德有限公司 | B11: 55742111 | C11: 寄倉新約 | D11: nic.lin | E11: 0 | F11: 0 | G11: 0 | H11: 0 | I11: 0 | J11: 0 | K11: 0 | L11: 0 | M11: 15 | N11: 0 | O11: 0 | P11: https://docs.google.com/spreadsheets/d/1QG-2k_zASIqK6jtxnKJimboogcFP0V-RzhKW8nLEmuM
A12: 德虹國際股份有限公司 | B12: 52935157 | C12: 寄倉新約 | D12: nic.lin | E12: 12184 | F12: 2437 | G12: 61 | H12: 243 | I12: 419 | J12: 302 | K12: 481 | L12: 270 | M12: 78 | N12: 0 | O12: 0 | P12: https://docs.google.com/spreadsheets/d/1l7rqVsXcIO1DAVfNVfCSnv7rtPHgRmbc-zguLpCQV04
A13: 德虹國際股份有限公司 | B13: 52935157 | C13: 轉單合約 | D13: nic.lin | E13: 2020 | F13: 404 | G13: 0 | H13: 40 | I13: 162 | J13: 0 | K13: 0 | L13: 0 | M13: 0 | N13: 0 | O13: 0 | P13: https://docs.google.com/spreadsheets/d/1gzAG6m49JrMRqrsRTb8-Dv8aMQYDQ96QTDjpbmQvf1s
... A143: 台灣明治食品股份有限公司 | B143: 52613156 | C143: 寄倉新約 | D143: nic.lin | E143: 67213 | F143: 15168 | G143: 327 | H143: 1353 | I143: 2362 | J143: 1680 | K143: 1436 | L143: 640 | M143: 1057 | N143: 0 | O143: 0 | P143: https://docs.google.com/spreadsheets/d/1rMq1pjCrd7TwLHnZ2JuQNQclHrnebs8noOx_7w7iHSM

Sheet 2025-03
A1: 廠商名稱 | B1: 統一編號 | C1: 合作模式 | D1: 負責人 | E1: 銷售總額 | F1: 抽成 | G1: 平台維護費 | H1: 金流處理費 | I1: 行銷推廣費 | J1: 活動贊助費 | K1: 運費攤提 | L1: 人工處理費 | M1: 倉租加總 | N1: 吸收額 | O1: 廣告方案費用報表連結
A2: 綠富有限公司 | B2: 42918432 | C2: 寄倉新約 | D2: nic.lin | E2: 533508 | F2: 126632 | G2: 2665 | H2: 10709 | I2: 18685 | J2: 13357 | K2: 12042 | L2: 4617 | M2: 3095 | N2: 0 | O2: 0 | P2: https://docs.google.com/spreadsheets/d/1iYktrxoWxOYQoZwDGNI5LY6ClaEkqKuJMKtKIWsAZUY
A3: 柏立奧有限公司 | B3: 83784669 | C3: 寄倉新約 | D3: nic.lin | E3: 122383 | F3: 28010 | G3: 608 | H3: 2451 | I3: 4303 | J3: 3064 | K3: 4273 | L3: 1786 | M3: 1037 | N3: 0 | O3: 0 | P3: https://docs.google.com/spreadsheets/d/1eQqDTMzfmaQ1jtveOcfd4yWrJQjtmveksAbAWLsIUqg
A4: 明奇食品有限公司 | B4: 86175892 | C4: 寄倉新約 | D4: nic.lin | E4: 7870 | F4: 1574 | G4: 35 | H4: 158 | I4: 280 | J4: 193 | K4: 264 | L4: 198 | M4: 29 | N4: 0 | O4: 0 | P4: https://docs.google.com/spreadsheets/d/1HnM5vtk-eCt5BKPeEhIGoPcZWMpvn9eHhMtU_MAghuE
A5: 萬灃興貿易有限公司 | B5: 52281277 | C5: 寄倉新約 | D5: nic.lin | E5: 16350 | F5: 3270 | G5: 85 | H5: 321 | I5: 570 | J5: 409 | K5: 928 | L5: 104 | M5: 74 | N5: 0 | O5: 0 | P5: https://docs.google.com/spreadsheets/d/1ZWmA9dt6Z3ww4QW5alcZmZ1bjsvggpgI4JWKRzriCLo
A6: 凱勝運動訓練有限公司 | B6: 43941278 | C6: 寄倉新約 | D6: nic.lin | E6: 0 | F6: 0 | G6: 0 | H6: 0 | I6: 0 | J6: 0 | K6: 0 | L6: 0 | M6: 36 | N6: 0 | O6: 0 | P6: https://docs.google.com/spreadsheets/d/1FUasJKcSEZSfR1OJzQ2ktgWVWNh18lqh6DTkCfyGXTQ
A7: 大誠益國際實業有限公司 | B7: 42772915 | C7: 寄倉新約 | D7: nic.lin | E7: 76463 | F7: 15329 | G7: 390 | H7: 1522 | I7: 2677 | J7: 1913 | K7: 1812 | L7: 715 | M7: 134 | N7: 0 | O7: 0 | P7: https://docs.google.com/spreadsheets/d/1N6B1nF79kaeopM29eRRnvRqnHquhW1sdA6fC559Cvf0
A8: 登薾國際貿易股份有限公司 | B8: 25034484 | C8: 寄倉新約 | D8: nic.lin | E8: 1000 | F8: 200 | G8: 6 | H8: 20 | I8: 36 | J8: 26 | K8: 86 | L8: 2 | M8: 12 | N8: 0 | O8: 0 | P8: https://docs.google.com/spreadsheets/d/1VPDthmVSjzHYCbKlGTcgzuR5GQllWN4vNnhnviEp4mQ
A9: 亞帝士運動用品 | B9: 47530310 | C9: 寄倉新約 | D9: nic.lin | E9: 0 | F9: 0 | G9: 0 | H9: 0 | I9: 0 | J9: 0 | K9: 0 | L9: 0 | M9: 40 | N9: 0 | O9: 0 | P9: https://docs.google.com/spreadsheets/d/1AoUf-Awp6c7aABmMVvWTt8bz4nCd5wCoB_x08jOJr7g
A10: 寶齡富錦生技股份有限公司 | B10: 04742997 | C10: 寄倉新約 | D10: nic.lin | E10: 69362 | F10: 18034 | G10: 346 | H10: 1389 | I10: 2427 | J10: 1736 | K10: 1543 | L10: 1100 | M10: 104 | N10: 0 | O10: 0 | P10: https://docs.google.com/spreadsheets/d/1NfWFey6bBES_ZWqfiO1NNhD3T631Cxgz1b-sJ9LuFUA
A11: 鑫欣羿股份有限公司 | B11: 83138157 | C11: 寄倉新約 | D11: nic.lin | E11: 55390 | F11: 12740 | G11: 278 | H11: 1105 | I11: 1944 | J11: 1378 | K11: 3024 | L11: 0 | M11: 570 | N11: 0 | O11: 0 | P11: https://docs.google.com/spreadsheets/d/17cWOd1kyuWhpz1lMWLmuqg8LpnAtf8i6mtkUySRC80Y
A12: 艾斯德有限公司 | B12: 55742111 | C12: 寄倉新約 | D12: nic.lin | E12: 0 | F12: 0 | G12: 0 | H12: 0 | I12: 0 | J12: 0 | K12: 0 | L12: 0 | M12: 16 | N12: 0 | O12: 0 | P12: https://docs.google.com/spreadsheets/d/1fD54sihAOFf2yEtqn3lx-TR4EQbGZt_ty-PTbEmVV9E
A13: 德虹國際股份有限公司 | B13: 52935157 | C13: 寄倉新約 | D13: nic.lin | E13: 16618 | F13: 3324 | G13: 80 | H13: 333 | I13: 576 | J13: 416 | K13: 662 | L13: 370 | M13: 43 | N13: 0 | O13: 0 | P13: https://docs.google.com/spreadsheets/d/1Xlf5dXmQbUZmoHkglsXf3UUgLpSnFSXO3gRTxOzsjUY
... A130: 芙亞國際股份有限公司 | B130: 54136898 | C130: 轉單合約 | D130: james.tseng | E130: 1069 | F130: 224 | G130: 0 | H130: 21 | I130: 86 | J130: 0 | K130: 0 | L130: 0 | M130: 0 | N130: 0 | O130: 0 | P130: https://docs.google.com/spreadsheets/d/1dgZVNpQkizHVPHSwnufHnJ1lZw4NfZKtIdRp_Vpz9tI

Sheet 2025-04
A1: 廠商名稱 | B1: 統一編號 | C1: 合作模式 | D1: 負責人 | E1: 銷售總額 | F1: 抽成 | G1: 平台維護費 | H1: 金流處理費 | I1: 行銷推廣費 | J1: 活動贊助費 | K1: 運費攤提 | L1: 人工處理費 | M1: 倉租加總 | N1: 吸收額 | O1: 廣告方案費用報表連結
A2: 明奇食品有限公司 | B2: 86175892 | C2: 寄倉新約 | D2: nic.lin | E2: 13470 | F2: 2672 | G2: 63 | H2: 271 | I2: 476 | J2: 334 | K2: 531 | L2: 340 | M2: 60 | N2: 0 | O2: 0 | P2: https://docs.google.com/spreadsheets/d/19BQ-sBYw_lfrpWAGNlxdxKmjt0dBK7XMahkOOoX57e4
A3: 萬灃興貿易有限公司 | B3: 52281277 | C3: 寄倉新約 | D3: nic.lin | E3: 23354 | F3: 4671 | G3: 120 | H3: 460 | I3: 815 | J3: 581 | K3: 1260 | L3: 142 | M3: 46 | N3: 0 | O3: 0 | P3: https://docs.google.com/spreadsheets/d/1-9eMKBs53gX34RUpddzQzwJJf9-jWscoa7G9_heVr3I
A4: 凱勝運動訓練有限公司 | B4: 43941278 | C4: 寄倉新約 | D4: nic.lin | E4: 0 | F4: 0 | G4: 0 | H4: 0 | I4: 0 | J4: 0 | K4: 0 | L4: 0 | M4: 35 | N4: 0 | O4: 0 | P4: https://docs.google.com/spreadsheets/d/19vLdNtWgInxkCXFl-AvNXif8S_WehA9cy2_3TGMVHYs
A5: 大誠益國際實業有限公司 | B5: 42772915 | C5: 寄倉新約 | D5: nic.lin | E5: 85080 | F5: 17036 | G5: 434 | H5: 1695 | I5: 2977 | J5: 2130 | K5: 3093 | L5: 810 | M5: 101 | N5: 0 | O5: 0 | P5: https://docs.google.com/spreadsheets/d/1Y47OLh0OCqcYaE7O7RMzarKMkei0biHmbriqz0O6vXY
A6: 登薾國際貿易股份有限公司 | B6: 25034484 | C6: 寄倉新約 | D6: nic.lin | E6: 1900 | F6: 380 | G6: 10 | H6: 38 | I6: 67 | J6: 48 | K6: 8 | L6: 3 | M6: 10 | N6: 0 | O6: 0 | P6: https://docs.google.com/spreadsheets/d/1TZhl2Z6p7upoY9rrl8HuewsIs7_lNED3wvFMyFLetMk
A7: 亞帝士運動用品 | B7: 47530310 | C7: 寄倉新約 | D7: nic.lin | E7: 1760 | F7: 352 | G7: 8 | H7: 36 | I7: 62 | J7: 44 | K7: 86 | L7: 20 | M7: 38 | N7: 0 | O7: 0 | P7: https://docs.google.com/spreadsheets/d/1RvBI0quJVWP_-SQXY0iQfEPLhClpzKU5cLpCqR6DN1Y
A8: 寶齡富錦生技股份有限公司 | B8: 04742997 | C8: 寄倉新約 | D8: nic.lin | E8: 43460 | F8: 11329 | G8: 217 | H8: 873 | I8: 1529 | J8: 1089 | K8: 1008 | L8: 700 | M8: 90 | N8: 0 | O8: 0 | P8: https://docs.google.com/spreadsheets/d/1J3awtZC2ebCwAXpesyx6JkByS1cmEBv2-wbTpwPRiMU
A9: 鑫欣羿股份有限公司 | B9: 83138157 | C9: 寄倉新約 | D9: nic.lin | E9: 75941 | F9: 17426 | G9: 383 | H9: 1515 | I9: 2660 | J9: 1894 | K9: 3649 | L9: 0 | M9: 389 | N9: 0 | O9: 0 | P9: https://docs.google.com/spreadsheets/d/1NNRUx5h0locSUBn7bxBKD5GwshTODccF12ff8KQHO6o
A10: 柏立奧有限公司 | B10: 83784669 | C10: 寄倉新約 | D10: nic.lin | E10: 122641 | F10: 27967 | G10: 614 | H10: 2450 | I10: 4308 | J10: 3064 | K10: 4072 | L10: 2349 | M10: 1119 | N10: 0 | O10: 0 | P10: https://docs.google.com/spreadsheets/d/1dZX6UKdhNMRqbLSoyb0M9iF0xypLNenpdNJBuB5Whfk
A11: 艾斯德有限公司 | B11: 55742111 | C11: 寄倉新約 | D11: nic.lin | E11: 0 | F11: 0 | G11: 0 | H11: 0 | I11: 0 | J11: 0 | K11: 0 | L11: 0 | M11: 16 | N11: 0 | O11: 0 | P11: https://docs.google.com/spreadsheets/d/12PlVeJj4PAyaQn3mYatBOY5yca1xvnZYC-22rPOmvo8
A12: 德虹國際股份有限公司 | B12: 52935157 | C12: 寄倉新約 | D12: nic.lin | E12: 22422 | F12: 4484 | G12: 113 | H12: 446 | I12: 781 | J12: 565 | K12: 1016 | L12: 500 | M12: 54 | N12: 0 | O12: 0 | P12: https://docs.google.com/spreadsheets/d/1LP8YjWYnjwllP1mTGhmPg7HWkY9HcyN4fZ-A_fkTymo
A13: 德虹國際股份有限公司 | B13: 52935157 | C13: 轉單合約 | D13: nic.lin | E13: 1010 | F13: 202 | G13: 0 | H13: 20 | I13: 81 | J13: 0 | K13: 0 | L13: 0 | M13: 0 | N13: 0 | O13: 0 | P13: https://docs.google.com/spreadsheets/d/1dzCG_G5fS5GfgMxKQdHA_8ffJP20ZfLyXge3f02Zw9Y
... A130: 台灣明治食品股份有限公司 | B130: 52613156 | C130: 寄倉新約 | D130: nic.lin | E130: 63582 | F130: 14439 | G130: 308 | H130: 1283 | I130: 2231 | J130: 1590 | K130: 1059 | L130: 540 | M130: 969 | N130: 0 | O130: 0 | P130: https://docs.google.com/spreadsheets/d/1mVfsDmPJK3PVJmKhcAMQGgqy3InVVhCkE_9rycrFIaM

Sheet 2025-05
A1: 廠商名稱 | B1: 統一編號 | C1: 合作模式 | D1: 負責人 | E1: 銷售總額 | F1: 抽成 | G1: 平台維護費 | H1: 金流處理費 | I1: 行銷推廣費 | J1: 活動贊助費 | K1: 運費攤提 | L1: 人工處理費 | M1: 倉租加總 | N1: 吸收額 | O1: 廣告方案費用報表連結
A2: 明奇食品有限公司 | B2: 86175892 | C2: 寄倉新約 | D2: nic.lin | E2: 13085 | F2: 2597 | G2: 60 | H2: 263 | I2: 462 | J2: 323 | K2: 394 | L2: 270 | M2: 27 | N2: 0 | O2: 0 | P2: https://docs.google.com/spreadsheets/d/1FPphUEnbNs8D6T64Z6MjDOjdt6fl5UEcv9z84S60OHs
A3: 萬灃興貿易有限公司 | B3: 52281277 | C3: 寄倉新約 | D3: nic.lin | E3: 13997 | F3: 2799 | G3: 65 | H3: 285 | I3: 493 | J3: 349 | K3: 743 | L3: 92 | M3: 50 | N3: 0 | O3: 0 | P3: https://docs.google.com/spreadsheets/d/1pj6Qvo3efMba2V17HMhMr2fzFXcO4tg7Zj_4_w05K4k
A4: 凱勝運動訓練有限公司 | B4: 43941278 | C4: 寄倉新約 | D4: nic.lin | E4: 0 | F4: 0 | G4: 0 | H4: 0 | I4: 0 | J4: 0 | K4: 0 | L4: 0 | M4: 36 | N4: 0 | O4: 0 | P4: https://docs.google.com/spreadsheets/d/1pbXpSjPrfoqjnUT2On2vJhTQqjbCXqOhdPMOZrc3gKM
A5: 大誠益國際實業有限公司 | B5: 42772915 | C5: 寄倉新約 | D5: nic.lin | E5: 128791 | F5: 25778 | G5: 652 | H5: 2570 | I5: 4510 | J5: 3215 | K5: 2439 | L5: 1355 | M5: 77 | N5: 0 | O5: 0 | P5: https://docs.google.com/spreadsheets/d/1YVEg1veUnQWDgwQugpps1iMz4J9W8G9oaYnPk0PSXzg
A6: 登薾國際貿易股份有限公司 | B6: 25034484 | C6: 寄倉新約 | D6: nic.lin | E6: 2800 | F6: 560 | G6: 14 | H6: 56 | I6: 98 | J6: 70 | K6: 104 | L6: 6 | M6: 9 | N6: 0 | O6: 0 | P6: https://docs.google.com/spreadsheets/d/1x2-dbcyAgo8tFSy41hkfV-6T7WLrKEbB3qu5eg9V1Vg
A7: 亞帝士運動用品 | B7: 47530310 | C7: 寄倉新約 | D7: nic.lin | E7: 1180 | F7: 236 | G7: 6 | H7: 24 | I7: 41 | J7: 30 | K7: 83 | L7: 10 | M7: 25 | N7: 0 | O7: 0 | P7: https://docs.google.com/spreadsheets/d/1_NkVyDCW4fSolI8n4tRv8JUD9WRvD-P14_JQmfuwCsw
A8: 寶齡富錦生技股份有限公司 | B8: 04742997 | C8: 寄倉新約 | D8: nic.lin | E8: 59751 | F8: 15339 | G8: 297 | H8: 1198 | I8: 2094 | J8: 1493 | K8: 1123 | L8: 1100 | M8: 90 | N8: 0 | O8: 0 | P8: https://docs.google.com/spreadsheets/d/1dI2Y9jc9rTQXuGn5rZFCv0Y2U6tU3iJSRbo0rLiIx5U
A9: 英達科技有限公司 | B9: 80051276 | C9: 轉單合約 | D9: marcy.hsu | E9: 1080 | F9: 216 | G9: 0 | H9: 22 | I9: 86 | J9: 0 | K9: 0 | L9: 0 | M9: 0 | N9: 0 | O9: 0 | P9: https://docs.google.com/spreadsheets/d/1sQh-TK0a3xjPkfg25yik4bgbQxo6EIh4JlQFF56tyYs
A10: 鑫欣羿股份有限公司 | B10: 83138157 | C10: 寄倉新約 | D10: nic.lin | E10: 65097 | F10: 14933 | G10: 324 | H10: 1300 | I10: 2279 | J10: 1619 | K10: 3691 | L10: 0 | M10: 273 | N10: 0 | O10: 0 | P10: https://docs.google.com/spreadsheets/d/1e82LXOq4o3rnDLy25dJYSvSObl7ViLdkwxWxfqw3-fY
A11: 柏立奧有限公司 | B11: 83784669 | C11: 寄倉新約 | D11: nic.lin | E11: 161038 | F11: 36884 | G11: 797 | H11: 3225 | I11: 5680 | J11: 4016 | K11: 5203 | L11: 5395 | M11: 1079 | N11: 0 | O11: 0 | P11: https://docs.google.com/spreadsheets/d/1L0zusk5XWy2MsovbScLcPhWua4M1Ym6iVJATE_nOntI
A12: 艾斯德有限公司 | B12: 55742111 | C12: 寄倉新約 | D12: nic.lin | E12: 0 | F12: 0 | G12: 0 | H12: 0 | I12: 0 | J12: 0 | K12: 0 | L12: 0 | M12: 16 | N12: 0 | O12: 0 | P12: https://docs.google.com/spreadsheets/d/1gM-sBXZKFYYqxacBjDh5_f_IREIvYYg0sxtWcsGVRUk
A13: 德虹國際股份有限公司 | B13: 52935157 | C13: 寄倉新約 | D13: nic.lin | E13: 10699 | F13: 2140 | G13: 55 | H13: 214 | I13: 374 | J13: 272 | K13: 408 | L13: 240 | M13: 33 | N13: 0 | O13: 0 | P13: https://docs.google.com/spreadsheets/d/17UD4lDJSKAi_Ojirq9cZu80H8UExCF9VoonsuWHxcZo
... A120: 慕渴股份有限公司 | B120: 24942234 | C120: 轉單合約 | D120: nic.lin | E120: 3740 | F120: 748 | G120: 0 | H120: 75 | I120: 299 | J120: 0 | K120: 0 | L120: 0 | M120: 0 | N120: 0 | O120: 0 | P120: https://docs.google.com/spreadsheets/d/1pDYIGIJjChzFOZoYD9GK0kHMoyvKk-d2PLla-XndIKA

Sheet 2025-06
A1: 廠商名稱 | B1: 統一編號 | C1: 合作模式 | D1: 負責人 | E1: 銷售總額 | F1: 抽成 | G1: 平台維護費 | H1: 金流處理費 | I1: 行銷推廣費 | J1: 活動贊助費 | K1: 運費攤提 | L1: 人工處理費 | M1: 倉租加總 | N1: 吸收額 | O1: 廣告方案費用報表連結
A2: 明奇食品有限公司 | B2: 86175892 | C2: 寄倉新約 | D2: nic.lin | E2: 6615 | F2: 1337 | G2: 31 | H2: 133 | I2: 232 | J2: 165 | K2: 209 | L2: 156 | M2: 6 | N2: 0 | O2: 0 | P2: https://docs.google.com/spreadsheets/d/1C4n6H5e3aysf9klaZKoW3Pn7U4aPPxifSYlaUb_yOto
A3: 萬灃興貿易有限公司 | B3: 52281277 | C3: 寄倉新約 | D3: nic.lin | E3: 24859 | F3: 4972 | G3: 119 | H3: 498 | I3: 864 | J3: 622 | K3: 1350 | L3: 146 | M3: 83 | N3: 0 | O3: 0 | P3: https://docs.google.com/spreadsheets/d/1fanVBezlYbR2NedaaszaszIPsL1QW7FAEg9654g8Bes
A4: 凱勝運動訓練有限公司 | B4: 43941278 | C4: 寄倉新約 | D4: nic.lin | E4: 0 | F4: 0 | G4: 0 | H4: 0 | I4: 0 | J4: 0 | K4: 0 | L4: 0 | M4: 35 | N4: 0 | O4: 0 | P4: https://docs.google.com/spreadsheets/d/102vAElWIpPBelEC-NqkBfzvZnOXNx1ZQXGQgRBKPnuc
A5: 大誠益國際實業有限公司 | B5: 42772915 | C5: 寄倉新約 | D5: nic.lin | E5: 61230 | F5: 12297 | G5: 313 | H5: 1221 | I5: 2147 | J5: 1530 | K5: 1399 | L5: 580 | M5: 283 | N5: 0 | O5: 0 | P5: https://docs.google.com/spreadsheets/d/1Szzk6bl_DRGY88e7BVC-GhjOYPx-q5eiu54hhpUugM4
A6: 登薾國際貿易股份有限公司 | B6: 25034484 | C6: 寄倉新約 | D6: nic.lin | E6: 0 | F6: 0 | G6: 0 | H6: 0 | I6: 0 | J6: 0 | K6: 0 | L6: 0 | M6: 8 | N6: 0 | O6: 0 | P6: https://docs.google.com/spreadsheets/d/1JHmGqt763vGkP3MqDaNXpoV7cCtQ9FCLvUIWW4-Fu1E
A7: 寶齡富錦生技股份有限公司 | B7: 04742997 | C7: 寄倉新約 | D7: nic.lin | E7: 33010 | F7: 8746 | G7: 167 | H7: 664 | I7: 1159 | J7: 829 | K7: 1179 | L7: 550 | M7: 63 | N7: 0 | O7: 0 | P7: https://docs.google.com/spreadsheets/d/1UpjM1M8n1VApVlf_vJRESxla_92N9faFQfetdF5NvUo
A8: 鑫欣羿股份有限公司 | B8: 83138157 | C8: 寄倉新約 | D8: nic.lin | E8: 39593 | F8: 9107 | G8: 201 | H8: 791 | I8: 1388 | J8: 988 | K8: 1976 | L8: 0 | M8: 163 | N8: 0 | O8: 0 | P8: https://docs.google.com/spreadsheets/d/1YLkg0bDrmZfFH3owq4y6jidQHCaUARd-6_ugMfIYd1c
A9: 柏立奧有限公司 | B9: 83784669 | C9: 寄倉新約 | D9: nic.lin | E9: 97846 | F9: 22529 | G9: 482 | H9: 1954 | I9: 3464 | J9: 2439 | K9: 3545 | L9: 3515 | M9: 899 | N9: 0 | O9: 0 | P9: https://docs.google.com/spreadsheets/d/1y7eCZTVJKOcThbQr0xc0dPp6OK5c14glBZbb-gvo5pI
A10: 艾斯德有限公司 | B10: 55742111 | C10: 寄倉新約 | D10: nic.lin | E10: 0 | F10: 0 | G10: 0 | H10: 0 | I10: 0 | J10: 0 | K10: 0 | L10: 0 | M10: 16 | N10: 0 | O10: 0 | P10: https://docs.google.com/spreadsheets/d/1pirGv6fhDvm5dBKT83pKK9pOket_yUA3EMyrgL_va6I
A11: 德虹國際股份有限公司 | B11: 52935157 | C11: 寄倉新約 | D11: nic.lin | E11: 13354 | F11: 2671 | G11: 69 | H11: 265 | I11: 468 | J11: 337 | K11: 532 | L11: 310 | M11: 6 | N11: 0 | O11: 0 | P11: https://docs.google.com/spreadsheets/d/1hJxtlwKBcsjdzNNa0nKkaAIqOIB7lILlUrINAg0ZF6I
A12: 德虹國際股份有限公司 | B12: 52935157 | C12: 轉單合約 | D12: nic.lin | E12: 1140 | F12: 228 | G12: 0 | H12: 23 | I12: 91 | J12: 0 | K12: 0 | L12: 0 | M12: 0 | N12: 0 | O12: 0 | P12: https://docs.google.com/spreadsheets/d/1xObobqQQ56JhT7FNl6Nnt9Ummn1y_r5WG3sKLQuvpiY
A13: 匹塔國際股份有限公司 | B13: 83195071 | C13: 寄倉新約 | D13: nic.lin | E13: 86057 | F13: 22575 | G13: 440 | H13: 1723 | I13: 3017 | J13: 2159 | K13: 1664 | L13: 700 | M13: 529 | N13: 0 | O13: 0 | P13: https://docs.google.com/spreadsheets/d/1QExRBDcdCgoCKWb1VXSAuYsymHeREQ4WvKRW-vtX2k0
... A33: 兆農貿易有限公司 | B33: 45100530 | C33: 轉單合約 | D33: nic.lin | E33: 1797 | F33: 359 | G33: 0 | H33: 36 | I33: 144 | J33: 0 | K33: 0 | L33: 0 | M33: 0 | N33: 0 | O33: 0 | P33: https://docs.google.com/spreadsheets/d/1LSm0MccxYMdmevOujiPLSxCksAfCzPUoW9w-OeJs0LA
A34: 美坤實業有限公司 | B34: 29069597 | C34: 轉單合約 | D34: nic.lin | F34: 437 | G34: 0 | H34: 42 | I34: 166 | J34: 0 | K34: 0 | L34: 0 | M34: 0 | N34: 0 | O34: 0 | P34: https://docs.google.com/spreadsheets/d/1A4IJ1Ti0TJZLXOoqBb8EdppNTcTmMXc3XKwSnF96CiA
A35: 泰欣健康生活事業有限公司 | B35: 83179712 | C35: 寄倉新約 | D35: nic.lin | E35: 0 | F35: 0 | G35: 0 | H35: 0 | I35: 0 | J35: 0 | K35: 0 | L35: 0 | M35: 1 | N35: 0 | O35: 0 | P35: https://docs.google.com/spreadsheets/d/1YT2eIa891bxOZL_BGZK1RLs9Hwa63Fy0sfk_VhiFc_Y
A36: 日商典雅東京股份有限公司台灣分公司 | B36: 51155884 | C36: 轉單合約 | D36: nic.lin | E36: 2400 | F36: 480 | G36: 0 | H36: 48 | I36: 192 | J36: 0 | K36: 0 | L36: 0 | M36: 0 | N36: 0 | O36: 0 | P36: https://docs.google.com/spreadsheets/d/192TEXKwGw0zzIxAmYLFneu48JqlHme9RODWXixmzSRk
A37: 偉溢國際開發有限公司 | B37: 53205811 | C37: 寄倉新約 | D37: nic.lin | E37: 0 | F37: 0 | G37: 0 | H37: 0 | I37: 0 | J37: 0 | K37: 0 | L37: 0 | M37: 1 | N37: 0 | O37: 0 | P37: https://docs.google.com/spreadsheets/d/12kfaPzGlRzGeCM9rLkq9qaYAM0W_AH8VGU_SHvOvRso
A38: 特德寶有限公司 | B38: 24772076 | C38: 寄倉新約 | D38: nic.lin | E38: 52952 | F38: 13500 | G38: 263 | H38: 1066 | I38: 1853 | J38: 1318 | K38: 1662 | L38: 875 | M38: 117 | N38: 0 | O38: 0 | P38: https://docs.google.com/spreadsheets/d/1v7biLWP47tA9C9LN4o1TuAYbTc19wkofYLPTSnSxiEo
A39: 家酪優企業有限公司 | B39: 97077975 | C39: 寄倉新約 | D39: nic.lin | E39: 21680 | F39: 4986 | G39: 109 | H39: 436 | I39: 758 | J39: 545 | K39: 291 | L39: 400 | M39: 25 | N39: 0 | O39: 0 | P39: https://docs.google.com/spreadsheets/d/1xI_0tb_0sGEEGG0j0Tc6z6xYy_tvJTNa1VkCFFRW_zg
A40: 皮諾喬有限公司 | B40: 27668879 | C40: 寄倉新約 | D40: nic.lin | E40: 813 | F40: 163 | G40: 6 | H40: 17 | I40: 31 | J40: 23 | K40: 19 | L40: 2 | M40: 25 | N40: 0 | O40: 0 | P40: https://docs.google.com/spreadsheets/d/1ClkU8LRTBc-41gdI_3T5hvQRyiSo0rsG1M5mfc19Ctk
A41: 特吉國際有限公司 | B41: 24490029 | C41: 寄倉新約 | D41: nic.lin | E41: 10615 | F41: 1975 | G41: 55 | H41: 211 | I41: 381 | J41: 265 | K41: 901 | L41: 38 | M41: 120 | N41: 0 | O41: 0 | P41: https://docs.google.com/spreadsheets/d/1WUzwDuxsAkYTVpplWVAkSZLJqTZVxILq-9-Q73RQw4A
A42: 奕瑪國際行銷股份有限公司 | B42: 12777300 | C42: 寄倉新約 | D42: nic.lin | E42: 198147 | F42: 41579 | G42: 1001 | H42: 3988 | I42: 6935 | J42: 4955 | K42: 5504 | L42: 1808 | M42: 1211 | N42: 0 | O42: 0 | P42: https://docs.google.com/spreadsheets/d/1EU1beRRWxQgtidX4-2P4_GA_EP44hSRZOPm9AZdJbOY
A43: 豐騰貿易有限公司 | B43: 55709990 | C43: 寄倉新約 | D43: nic.lin | E43: 0 | F43: 0 | G43: 0 | H43: 0 | I43: 0 | J43: 0 | K43: 0 | L43: 0 | M43: 5 | N43: 0 | O43: 0 | P43: https://docs.google.com/spreadsheets/d/1uGjc54_ANSweFq9psYmGPVVw2XBhj1HIY5lBmdtNI8M
A44: 台灣恩斯艾國際有限公司 | B44: 53304397 | C44: 寄倉新約 | D44: nic.lin | E44: 53722 | F44: 13362 | G44: 273 | H44: 1074 | I44: 1876 | J44: 1344 | K44: 632 | L44: 880 | M44: 33 | N44: 0 | O44: 0 | P44: https://docs.google.com/spreadsheets/d/176vFZuKupvpZz-9OKIYrT7g9KF0f9mQqjhKtB-snCNQ
A45: 台灣優杏生物科技股份有限公司 | B45: 86393861 | C45: 寄倉新約 | D45: nic.lin | E45: 650 | F45: 169 | G45: 3 | H45: 13 | I45: 23 | J45: 16 | K45: 3 | L45: 10 | M45: 7 | N45: 0 | O45: 0 | P45: https://docs.google.com/spreadsheets/d/1sjG9sC5zcueknP6T5bGZjeWcu7Cgsj6Gar-c0jcNuIk
A46: 台灣雀巢股份有限公司 | B46: 20683002 | C46: 寄倉新約 | D46: nic.lin | E46: 0 | F46: 0 | G46: 0 | H46: 0 | I46: 0 | J46: 0 | K46: 0 | L46: 170 | M46: 186 | N46: 0 | O46: 0 | P46: https://docs.google.com/spreadsheets/d/1SlPYo-Egd2QAD1yJs9u4Ch7jiP_ysww3dTLpX1I8wbM
... A115: 慕渴股份有限公司 | B115: 24942234 | C115: 轉單合約 | D115: nic.lin | E115: 1880 | F115: 376 | G115: 0 | H115: 38 | I115: 150 | J115: 0 | K115: 0 | L115: 0 | M115: 0 | N115: 0 | O115: 0 | P115: https://docs.google.com/spreadsheets/d/1nlvdaGJZa-n9m2T2uLXUIhC9LaVu2YTuEFniM1H0RMQ

Sheet 2025-07
A1: 廠商名稱 | B1: 統一編號 | C1: 合作模式 | D1: 負責人 | E1: 銷售總額 | F1: 抽成 | G1: 平台維護費 | H1: 金流處理費 | I1: 行銷推廣費 | J1: 活動贊助費 | K1: 運費攤提 | L1: 人工處理費 | M1: 倉租加總 | N1: 吸收額 | O1: 廣告方案費用 | P1: 報表連結
A2: 柏立奧有限公司 | B2: 83784669 | C2: 寄倉新約 | D2: nic.lin | E2: 155229 | F2: 36386 | G2: 784 | H2: 3116 | I2: 5495 | J2: 3892 | K2: 5598 | L2: 6161 | M2: 1079 | N2: 0 | O2: 0 | P2: https://docs.google.com/spreadsheets/d/1o69n3NqOvISrzwVcwofpS5Z9iv68k2Jw1SOo0hhjk8c
A3: 明奇食品有限公司 | B3: 86175892 | C3: 寄倉新約 | D3: nic.lin | E3: 490 | F3: 98 | G3: 2 | H3: 10 | I3: 17 | J3: 12 | K3: 28 | L3: 10 | M3: 0 | N3: 0 | O3: 0 | P3: https://docs.google.com/spreadsheets/d/1BeVDjOs2GG9PanD0jA3QY1SRiSwXLEZb2A3lfuwMyaY
A4: 萬灃興貿易有限公司 | B4: 52281277 | C4: 寄倉新約 | D4: nic.lin | E4: 22118 | F4: 4424 | G4: 110 | H4: 445 | I4: 776 | J4: 552 | K4: 1171 | L4: 296 | M4: 138 | N4: 0 | O4: 0 | P4: https://docs.google.com/spreadsheets/d/1dg5jgbL9yQdi0tON-UcYFSsbL7drA44mQV1mL4aLvNo
A5: 凱勝運動訓練有限公司 | B5: 43941278 | C5: 寄倉新約 | D5: nic.lin | E5: 0 | F5: 0 | G5: 0 | H5: 0 | I5: 0 | J5: 0 | K5: 0 | L5: 0 | M5: 36 | N5: 0 | O5: 0 | P5: https://docs.google.com/spreadsheets/d/1s8yOxC3fbG2uv32kyhHba95LaUxR-7zJIz4jZrCqhWI
A6: 大誠益國際實業有限公司 | B6: 42772915 | C6: 寄倉新約 | D6: nic.lin | E6: 80545 | F6: 16211 | G6: 411 | H6: 1609 | I6: 2820 | J6: 2015 | K6: 2086 | L6: 775 | M6: 247 | N6: 0 | O6: 0 | P6: https://docs.google.com/spreadsheets/d/11bITL5A4TwZlnxMemPAwhkxhqpGuMQMeRfkXjUSTp3k
A7: 登薾國際貿易股份有限公司 | B7: 25034484 | C7: 寄倉新約 | D7: nic.lin | E7: 2900 | F7: 580 | G7: 16 | H7: 58 | I7: 103 | J7: 74 | K7: 44 | L7: 4 | M7: 6 | N7: 0 | O7: 0 | P7: https://docs.google.com/spreadsheets/d/1QC8JADZGY03NWCiFChDryGCHhubtAFqGOIO0BhyhKmE
A8: 寶齡富錦生技股份有限公司 | B8: 04742997 | C8: 寄倉新約 | D8: nic.lin | E8: 37617 | F8: 10010 | G8: 186 | H8: 755 | I8: 1319 | J8: 940 | K8: 946 | L8: 590 | M8: 66 | N8: 0 | O8: 0 | P8: https://docs.google.com/spreadsheets/d/1XvhxR7Vzr_K26iBDWOIZcLmDkf5VNi5dL27ZO8wjS48
A9: 艾斯德有限公司 | B9: 55742111 | C9: 寄倉新約 | D9: nic.lin | E9: 0 | F9: 0 | G9: 0 | H9: 0 | I9: 0 | J9: 0 | K9: 0 | L9: 0 | M9: 16 | N9: 0 | O9: 0 | P9: https://docs.google.com/spreadsheets/d/1LKQHkNOTyjKKqxpy5O50U5cQw816m3qmxoeTmbTXupI
A10: 德虹國際股份有限公司 | B10: 52935157 | C10: 寄倉新約 | D10: nic.lin | E10: 1405 | F10: 281 | G10: 7 | H10: 27 | I10: 49 | J10: 36 | K10: 40 | L10: 30 | M10: 13 | N10: 0 | O10: 0 | P10: https://docs.google.com/spreadsheets/d/1F1BMk4XX9yEsecik2H_dJCYyZycxWR_k6xsXVLvVwC0
A11: 匹塔國際股份有限公司 | B11: 83195071 | C11: 寄倉新約 | D11: nic.lin | E11: 46177 | F11: 12214 | G11: 235 | H11: 926 | I11: 1618 | J11: 1158 | K11: 608 | L11: 390 | M11: 485 | N11: 0 | O11: 0 | P11: https://docs.google.com/spreadsheets/d/1d4nb3SDgfq_Sr-McNdiqfhWnIU9Y0Oznn5NPXSPoacQ
A12: 永茂生技實業股份有限公司 | B12: 53178602 | C12: 寄倉新約 | D12: nic.lin | E12: 4720 | F12: 1086 | G12: 24 | H12: 96 | I12: 164 | J12: 120 | K12: 159 | L12: 40 | M12: 27 | N12: 0 | O12: 0 | P12: https://docs.google.com/spreadsheets/d/1GMKSSIgQW_EjWRaTcRe_kLoK6zNCrgiJZ87yvy5cEJ0
A13: 薇爾艾伯國際有限公司 | B13: 90838747 | C13: 寄倉新約 | D13: nic.lin | E13: 19499 | F13: 4485 | G13: 96 | H13: 392 | I13: 683 | J13: 488 | K13: 473 | L13: 430 | M13: 68 | N13: 0 | O13: 0 | P13: https://docs.google.com/spreadsheets/d/1WjD5UrYNK9P9-Ca70HZmuDgXP9olGqjJV223nY3YjXQ
... A115: 鑫欣羿股份有限公司 | B115: 83138157 | C115: 寄倉新約 | D115: nic.lin | E115: 44309 | F115: 10110 | G115: 223 | H115: 883 | I115: 1556 | J115: 1105 | K115: 2408 | L115: 0 | M115: 758 | N115: 0 | O115: 0 | P115: https://docs.google.com/spreadsheets/d/1EP0ZS6ryslAORdqduGW8wNPINiMdZFogTz2J_A32Ajc

Sheet 2025-08
A1: 廠商名稱 | B1: 統一編號 | C1: 合作模式 | D1: 負責人 | E1: 銷售總額 | F1: 抽成 | G1: 平台維護費 | H1: 金流處理費 | I1: 行銷推廣費 | J1: 活動贊助費 | K1: 運費攤提 | L1: 人工處理費 | M1: 倉租加總 | N1: 吸收額 | O1: 廣告方案費用報表連結
A2: 萬灃興貿易有限公司 | B2: 52281277 | C2: 寄倉新約 | D2: nic.lin | E2: 29882 | F2: 5976 | G2: 152 | H2: 598 | I2: 1052 | J2: 751 | K2: 1050 | L2: 290 | M2: 167 | N2: 0 | O2: 0 | P2: https://docs.google.com/spreadsheets/d/1rMCPzk2zEQaW3cGNnfFOBqRtCdPs3pX95i_BDcZYmI0
A3: 凱勝運動訓練有限公司 | B3: 43941278 | C3: 寄倉新約 | D3: nic.lin | E3: 0 | F3: 0 | G3: 0 | H3: 0 | I3: 0 | J3: 0 | K3: 0 | L3: 0 | M3: 36 | N3: 0 | O3: 0 | P3: https://docs.google.com/spreadsheets/d/1p1wWoB40rWVKc3aSse0FIafgMEpupViTHbXkmu7b-SY
A4: 大誠益國際實業有限公司 | B4: 42772915 | C4: 寄倉新約 | D4: nic.lin | E4: 77774 | F4: 16029 | G4: 391 | H4: 1557 | I4: 2724 | J4: 1939 | K4: 1993 | L4: 745 | M4: 200 | N4: 0 | O4: 0 | P4: https://docs.google.com/spreadsheets/d/19MGse4D3F7uofuH2Nn8sL4UEW8w04bEcpJb02hQOWHc
A5: 登薾國際貿易股份有限公司 | B5: 25034484 | C5: 寄倉新約 | D5: nic.lin | E5: 1200 | F5: 240 | G5: 6 | H5: 24 | I5: 42 | J5: 30 | K5: 6 | L5: 2 | M5: 4 | N5: 0 | O5: 0 | P5: https://docs.google.com/spreadsheets/d/1xsy7nioVphMkinIQph22nTIDZSkULwwyVC8DT-vjoq8
A6: 老妹的灶下有限公司 | B6: 82906720 | C6: 轉單合約 | D6: nic.lin | E6: 650 | F6: 130 | G6: 0 | H6: 13 | I6: 52 | J6: 0 | K6: 0 | L6: 0 | M6: 0 | N6: 0 | O6: 0 | P6: https://docs.google.com/spreadsheets/d/1Xjlu3q9bGbsNnsUEbYsZ_rdt0ucrjhGM3wYH7zdA524
A7: 寶齡富錦生技股份有限公司 | B7: 04742997 | C7: 寄倉新約 | D7: nic.lin | E7: 31661 | F7: 8232 | G7: 157 | H7: 636 | I7: 1113 | J7: 790 | K7: 853 | L7: 590 | M7: 84 | N7: 0 | O7: 0 | P7: https://docs.google.com/spreadsheets/d/1zEyF-EHMbvb3_oR3QNJf6BaunhqYlanpFoa5315br64
A8: 魔咕飲國際生技有限公司 | B8: 82899848 | C8: 轉單合約 | D8: nic.lin | E8: 1440 | F8: 288 | G8: 0 | H8: 29 | I8: 115 | J8: 0 | K8: 0 | L8: 0 | M8: 0 | N8: 0 | O8: 0 | P8: https://docs.google.com/spreadsheets/d/1Yk1QNhrVisYhBvwnN4P__kmoe48RY4VXptDrXRToxxo
A9: 鑫欣羿股份有限公司 | B9: 83138157 | C9: 寄倉新約 | D9: nic.lin | E9: 61087 | F9: 13969 | G9: 303 | H9: 1219 | I9: 2139 | J9: 1521 | K9: 3306 | L9: 0 | M9: 512 | N9: 0 | O9: 0 | P9: https://docs.google.com/spreadsheets/d/1Px9o7_YDTociSMP1gYeKj8MdzpzkNsqqA5P_WY_PZqs
A10: 柏立奧有限公司 | B10: 83784669 | C10: 寄倉新約 | D10: nic.lin | E10: 79458 | F10: 19069 | G10: 399 | H10: 1587 | I10: 2789 | J10: 1985 | K10: 2735 | L10: 1838 | M10: 759 | N10: 0 | O10: 0 | P10: https://docs.google.com/spreadsheets/d/1TGmtWWoY9BqA2K_Zk5sdY7X39DQCc8fDqZzt7RMMjcI
A11: 艾斯德有限公司 | B11: 55742111 | C11: 寄倉新約 | D11: nic.lin | E11: 299 | F11: 60 | G11: 2 | H11: 6 | I11: 10 | J11: 7 | K11: 9 | L11: 10 | M11: 15 | N11: 0 | O11: 0 | P11: https://docs.google.com/spreadsheets/d/13VzxkL5KFmaXjM_W03qVJsTYHnwfpR9xrCO-0P0VWsE
A12: 德虹國際股份有限公司 | B12: 52935157 | C12: 寄倉新約 | D12: nic.lin | E12: 14280 | F12: 2856 | G12: 73 | H12: 283 | I12: 501 | J12: 361 | K12: 561 | L12: 290 | M12: 162 | N12: 0 | O12: 0 | P12: https://docs.google.com/spreadsheets/d/1xXyXLn_eRXX3UlAuehuO2JZlpSMHfLbsnbveRYvhw18
A13: 德虹國際股份有限公司 | B13: 52935157 | C13: 轉單合約 | D13: nic.lin | E13: 1140 | F13: 228 | G13: 0 | H13: 23 | I13: 91 | J13: 0 | K13: 0 | L13: 0 | M13: 0 | N13: 0 | O13: 0 | P13: https://docs.google.com/spreadsheets/d/1MS1sryGVP5PCY6DoTSL7tpzWOFOvMJv-setBZ9YXVH4
... A118: 聚易國際有限公司 | B118: 45034997 | C118: 寄倉新約 | D118: taichun.chen | E118: 6470 | F118: 1682 | G118: 32 | H118: 130 | I118: 226 | J118: 162 | K118: 518 | L118: 110 | M118: 128 | N118: 0 | O118: 0 | P118: https://docs.google.com/spreadsheets/d/1ruQfccus_Dis5CEgjh6oxgaclslbv6q6WJCaqfBs7uk

Sheet 2025-09
A1: 廠商名稱 | B1: 統一編號 | C1: 合作模式 | D1: 負責人 | E1: 銷售總額 | F1: 抽成 | G1: 平台維護費 | H1: 金流處理費 | I1: 行銷推廣費 | J1: 活動贊助費 | K1: 運費攤提 | L1: 人工處理費 | M1: 倉租加總 | N1: 吸收額 | O1: 廣告方案費用報表連結
A2: 明奇食品有限公司 | B2: 86175892 | C2: 寄倉新約 | D2: nic.lin | E2: 9010 | F2: 1792 | G2: 45 | H2: 181 | I2: 322 | J2: 227 | K2: 370 | L2: 210 | M2: 39 | N2: 0 | O2: 0 | P2: https://docs.google.com/spreadsheets/d/17F04SBboU7xFrXxYhD7KChNM6YMsVYqvYbKwIg3hcMo
A3: 萬灃興貿易有限公司 | B3: 52281277 | C3: 寄倉新約 | D3: nic.lin | E3: 32237 | F3: 6447 | G3: 164 | H3: 647 | I3: 1137 | J3: 809 | K3: 1318 | L3: 154 | M3: 157 | N3: 0 | O3: 0 | P3: https://docs.google.com/spreadsheets/d/15PtfF2vRD8JwlSf4xcDGSkNf_LcBasPhke0T9Q9-J6E
A4: 凱勝運動訓練有限公司 | B4: 43941278 | C4: 寄倉新約 | D4: nic.lin | E4: 0 | F4: 0 | G4: 0 | H4: 0 | I4: 0 | J4: 0 | K4: 0 | L4: 0 | M4: 35 | N4: 0 | O4: 0 | P4: https://docs.google.com/spreadsheets/d/11A7DtdQCyrmhzP9KDOFR-p0PbX6DLYvrlyZOHvUXXMs
A5: 大誠益國際實業有限公司 | B5: 42772915 | C5: 寄倉新約 | D5: nic.lin | E5: 85347 | F5: 17394 | G5: 430 | H5: 1711 | I5: 2992 | J5: 2134 | K5: 1638 | L5: 815 | M5: 199 | N5: 0 | O5: 0 | P5: https://docs.google.com/spreadsheets/d/1uVFswJ-HVlTCzakw0bG0VLezwIn8qBbXVnzKDItUsoM
A6: 登薾國際貿易股份有限公司 | B6: 25034484 | C6: 寄倉新約 | D6: nic.lin | E6: 1200 | F6: 240 | G6: 7 | H6: 24 | I6: 43 | J6: 31 | K6: 18 | L6: 4 | M6: 3 | N6: 0 | O6: 0 | P6: https://docs.google.com/spreadsheets/d/1mW0lveTW4hjpdOwZgOqW-6_Z0yjDEpJKm-Rr_zJuabU
A7: 寶齡富錦生技股份有限公司 | B7: 04742997 | C7: 寄倉新約 | D7: nic.lin | E7: 62621 | F7: 16281 | G7: 308 | H7: 1256 | I7: 2194 | J7: 1565 | K7: 1268 | L7: 1240 | M7: 72 | N7: 0 | O7: 0 | P7: https://docs.google.com/spreadsheets/d/1hKvoe865rG_YdoKT9AiNfKQ9YXfiG0xTgWeHhnjlZAI
A8: 鑫欣羿股份有限公司 | B8: 83138157 | C8: 寄倉新約 | D8: nic.lin | E8: 74043 | F8: 17031 | G8: 368 | H8: 1481 | I8: 2590 | J8: 1847 | K8: 3635 | L8: 0 | M8: 261 | N8: 0 | O8: 0 | P8: https://docs.google.com/spreadsheets/d/1AcD-TlKPO39-tQZWExsrDCO1uGs-ZkB7Ip_wm_qEB4g
A9: 柏立奧有限公司 | B9: 83784669 | C9: 寄倉新約 | D9: nic.lin | E9: 47023 | F9: 11377 | G9: 224 | H9: 951 | I9: 1651 | J9: 1168 | K9: 1641 | L9: 1320 | M9: 591 | N9: 0 | O9: 0 | P9: https://docs.google.com/spreadsheets/d/1CeWsIyrg1h5e-M-EDtNBgBHO5WaAe6CP1xwqHVw7gTA
A10: 艾斯德有限公司 | B10: 55742111 | C10: 寄倉新約 | D10: nic.lin | E10: 0 | F10: 0 | G10: 0 | H10: 0 | I10: 0 | J10: 0 | K10: 0 | L10: 0 | M10: 14 | N10: 0 | O10: 0 | P10: https://docs.google.com/spreadsheets/d/14uJjUearhFu3yxblGVGCon4_nN_FSpNz-X0NHJXoxxA
A11: 德虹國際股份有限公司 | B11: 52935157 | C11: 寄倉新約 | D11: nic.lin | E11: 10896 | F11: 2076 | G11: 54 | H11: 219 | I11: 382 | J11: 281 | K11: 286 | L11: 230 | M11: 160 | N11: 0 | O11: 0 | P11: https://docs.google.com/spreadsheets/d/1dawn7gRSkI8ajRFLqA8nUYRZQDs48AoGPjyvXFHhmos
A12: 匹塔國際股份有限公司 | B12: 83195071 | C12: 寄倉新約 | D12: nic.lin | E12: 103830 | F12: 26426 | G12: 529 | H12: 2071 | I12: 3648 | J12: 2603 | K12: 3997 | L12: 1660 | M12: 900 | N12: 0 | O12: 0 | P12: https://docs.google.com/spreadsheets/d/1xncoC7gxlKHQasi9-iESm-xSnyiCOSNbB7KBT9GRn0Q
A13: 永茂生技實業股份有限公司 | B13: 53178602 | C13: 寄倉新約 | D13: nic.lin | E13: 0 | F13: 0 | G13: 0 | H13: 0 | I13: 0 | J13: 0 | K13: 0 | L13: 0 | M13: 33 | N13: 0 | O13: 0 | P13: https://docs.google.com/spreadsheets/d/1o_25S9Y2lU-Ds4EjzAb_QYPFrAT-3gS1LipYxVR_zsY
... A112: 光喆生物科技股份有限公司 | B112: 24503636 | C112: 轉單合約 | D112: taichun.chen | E112: 11560 | F112: 3006 | G112: 0 | H112: 231 | I112: 925 | J112: 0 | K112: 0 | L112: 0 | M112: 0 | N112: 0 | O112: 0 | P112: https://docs.google.com/spreadsheets/d/1mXJHV7Q9zhBebmUqjNkRWflC7DvJ6nHkQk4_aLrKygw

Sheet 2025-10
A1: 廠商名稱 | B1: 統一編號 | C1: 合作模式 | D1: 負責人 | E1: 銷售總額 | F1: 抽成 | G1: 平台維護費 | H1: 金流處理費 | I1: 行銷推廣費 | J1: 活動贊助費 | K1: 運費攤提 | L1: 人工處理費 | M1: 倉租加總 | N1: 吸收額 | O1: 廣告方案費用報表連結
A2: 明奇食品有限公司 | B2: 86175892 | C2: 寄倉新約 | D2: nic.lin | E2: 10070 | F2: 1838 | G2: 47 | H2: 203 | I2: 357 | J2: 365 | K2: 378 | L2: 246 | M2: 56 | N2: 0 | O2: 0 | P2: https://docs.google.com/spreadsheets/d/1sbhkhlWQr8KzG7E7rvUEiOj-DW_KTUVkjMCCMqwv-aE
A3: 萬灃興貿易有限公司 | B3: 52281277 | C3: 寄倉新約 | D3: nic.lin | E3: 27623 | F3: 5287 | G3: 144 | H3: 555 | I3: 972 | J3: 970 | K3: 1169 | L3: 134 | M3: 165 | N3: 0 | O3: 0 | P3: https://docs.google.com/spreadsheets/d/1_6XZq-yGyQgMNBSTx76JqLI2QtaunniVLKOuenqZw2g
A4: 凱勝運動訓練有限公司 | B4: 43941278 | C4: 寄倉新約 | D4: nic.lin | E4: 0 | F4: 0 | G4: 0 | H4: 0 | I4: 0 | J4: 0 | K4: 0 | L4: 0 | M4: 36 | N4: 0 | O4: 0 | P4: https://docs.google.com/spreadsheets/d/1Q8_pRtgp8UWBX3NtvJdxGThhtsOV2MMSZGb99gQJMlk
A5: 大誠益國際實業有限公司 | B5: 42772915 | C5: 寄倉新約 | D5: nic.lin | E5: 120267 | F5: 24207 | G5: 605 | H5: 2405 | I5: 4213 | J5: 4213 | K5: 3949 | L5: 1140 | M5: 164 | N5: 0 | O5: 0 | P5: https://docs.google.com/spreadsheets/d/1D_P4z3SnChA1nzZ7DmqNv2ULvRLsQupurMeqSBoJbEE
A6: 登薾國際貿易股份有限公司 | B6: 25034484 | C6: 寄倉新約 | D6: nic.lin | E6: 0 | F6: 0 | G6: 0 | H6: 0 | I6: 0 | J6: 0 | K6: 0 | L6: 0 | M6: 2 | N6: 0 | O6: 0 | P6: https://docs.google.com/spreadsheets/d/1Kb81g_NcN2TtFhrR2zZp22hfjIkOyJhK_nLGX6ztbP4
A7: 寶齡富錦生技股份有限公司 | B7: 04742997 | C7: 寄倉新約 | D7: nic.lin | E7: 24550 | F7: 6383 | G7: 121 | H7: 492 | I7: 862 | J7: 846 | K7: 631 | L7: 410 | M7: 72 | N7: 0 | O7: 0 | P7: https://docs.google.com/spreadsheets/d/1l_uFX-V9T7iNlVz8a-J2OmTYceo_wYt-S2-JDNPv5Ss
A8: 鑫欣羿股份有限公司 | B8: 83138157 | C8: 寄倉新約 | D8: nic.lin | E8: 53312 | F8: 12262 | G8: 267 | H8: 1063 | I8: 1862 | J8: 1832 | K8: 3162 | L8: 0 | M8: 248 | N8: 0 | O8: 0 | P8: https://docs.google.com/spreadsheets/d/11aVS2Ck8llpkNtD-thfsTYC-uB6g4kBX-dw_JM3Vh5A
A9: 柏立奧有限公司 | B9: 83784669 | C9: 寄倉新約 | D9: nic.lin | E9: 52923 | F9: 12527 | G9: 256 | H9: 1064 | I9: 1860 | J9: 1848 | K9: 1255 | L9: 562 | M9: 455 | N9: 0 | O9: 0 | P9: https://docs.google.com/spreadsheets/d/175jAJE2YTNSwS9gw2CdVKrMud-GDKw1e69KnEhw_3d0
A10: 艾斯德有限公司 | B10: 55742111 | C10: 寄倉新約 | D10: nic.lin | E10: 0 | F10: 0 | G10: 0 | H10: 0 | I10: 0 | J10: 0 | K10: 0 | L10: 0 | M10: 15 | N10: 0 | O10: 0 | P10: https://docs.google.com/spreadsheets/d/1G0g0tn6f1MWuGjAIwKYySGxh9P49CQiSqwWjYOwxjAM
A11: 德虹國際股份有限公司 | B11: 52935157 | C11: 寄倉新約 | D11: nic.lin | E11: 7401 | F11: 1480 | G11: 35 | H11: 148 | I11: 258 | J11: 258 | K11: 281 | L11: 160 | M11: 141 | N11: 0 | O11: 0 | P11: https://docs.google.com/spreadsheets/d/1BsTpPii3LaojWlqop6ttdmrQPJfBQqsr3kTgvXULAGw
A12: 匹塔國際股份有限公司 | B12: 83195071 | C12: 寄倉新約 | D12: nic.lin | E12: 121815 | F12: 27910 | G12: 601 | H12: 2441 | I12: 4281 | J12: 4345 | K12: 3928 | L12: 3410 | M12: 793 | N12: 0 | O12: 0 | P12: https://docs.google.com/spreadsheets/d/17NjkZ0kfaO6fhmico6h9rzxCo_tuSkOJ4qYbAe6ZZKw
A13: 永茂生技實業股份有限公司 | B13: 53178602 | C13: 寄倉新約 | D13: nic.lin | E13: 4030 | F13: 703 | G13: 20 | H13: 79 | I13: 141 | J13: 147 | K13: 233 | L13: 148 | M13: 110 | N13: 0 | O13: 0 | P13: https://docs.google.com/spreadsheets/d/1UjBsEhSJS1mM7n8NnW9qPl-wZ1xlvcDwtufzJxbW9SU
... A112: 百森生技股份有限公司 | B112: 91089812 | C112: 轉單合約 | D112: nic.lin | E112: 1797 | F112: 503 | G112: 0 | H112: 36 | I112: 144 | J112: 0 | K112: 0 | L112: 0 | M112: 0 | N112: 0 | O112: 0 | P112: https://docs.google.com/spreadsheets/d/1J4_yua3phadCco_bJSxV42F9ZatYz2-h3F14BXVRiB4

Sheet 2025-11
A1: 廠商名稱 | B1: 統一編號 | C1: 合作模式 | D1: 負責人 | E1: 銷售總額 | F1: 抽成 | G1: 平台維護費 | H1: 金流處理費 | I1: 行銷推廣費 | J1: 活動贊助費 | K1: 運費攤提 | L1: 人工處理費 | M1: 倉租加總 | N1: 吸收額 | O1: 廣告方案費用報表連結
A2: 品元實業股份有限公司 | B2: 80657892 | C2: 寄倉新約 | D2: nic.lin | E2: 26819 | F2: 6169 | G2: 138 | H2: 531 | I2: 937 | J2: 1209 | K2: 2162 | L2: 1090 | M2: 267 | N2: 0 | O2: 0 | P2: https://docs.google.com/spreadsheets/d/1s7M89CWZk62JotTMDpTJy08ija1N1Qize-usJRfDjKI
A3: 多美光有限公司 | B3: 89116927 | C3: 轉單合約 | D3: nic.lin | E3: 15609 | F3: 3434 | G3: 0 | H3: 312 | I3: 1405 | J3: 0 | K3: 0 | L3: 0 | M3: 0 | N3: 0 | O3: 0 | P3: https://docs.google.com/spreadsheets/d/1gXaRYs2h4CaBRirB0Mp3DT8WBBR_c2umiSlzJ_54NoA
A4: 明奇食品有限公司 | B4: 86175892 | C4: 寄倉新約 | D4: nic.lin | E4: 19588 | F4: 3821 | G4: 97 | H4: 396 | I4: 690 | J4: 879 | K4: 586 | L4: 560 | M4: 80 | N4: 0 | O4: 0 | P4: https://docs.google.com/spreadsheets/d/1h93PdQpIjWLYbaQV56RKaRPRjUx2K6MM76DGioRwxVQ
A5: 萬灃興貿易有限公司 | B5: 52281277 | C5: 寄倉新約 | D5: nic.lin | E5: 20858 | F5: 4172 | G5: 107 | H5: 418 | I5: 733 | J5: 937 | K5: 1157 | L5: 112 | M5: 143 | N5: 0 | O5: 0 | P5: https://docs.google.com/spreadsheets/d/1R2f6k9VYmJqOKTN05U5cqSW3FgKtUtccMO_3G5EjyCQ
A6: 凱勝運動訓練有限公司 | B6: 43941278 | C6: 寄倉新約 | D6: nic.lin | E6: 0 | F6: 0 | G6: 0 | H6: 0 | I6: 0 | J6: 0 | K6: 0 | L6: 0 | M6: 35 | N6: 0 | O6: 0 | P6: https://docs.google.com/spreadsheets/d/1BkddglRBe98SXiAf1k_S_jbYiUnL6Wrgz9WIlJEuHZU
A7: 大誠益國際實業有限公司 | B7: 42772915 | C7: 寄倉新約 | D7: nic.lin | E7: 102283 | F7: 20457 | G7: 514 | H7: 2046 | I7: 3584 | J7: 4606 | K7: 2848 | L7: 1165 | M7: 126 | N7: 0 | O7: 0 | P7: https://docs.google.com/spreadsheets/d/1t4FIoRED52bteererGpfWoZ9Ka8uOSwpPOyphzpa2jI
A8: 登薾國際貿易股份有限公司 | B8: 25034484 | C8: 寄倉新約 | D8: nic.lin | E8: 1000 | F8: 200 | G8: 6 | H8: 20 | I8: 36 | J8: 46 | K8: 32 | L8: 2 | M8: 2 | N8: 0 | O8: 0 | P8: https://docs.google.com/spreadsheets/d/12bsIC76vCUU2NmOqIldmhuOwBSLSsnL0w5mA2efbQdk
A9: 寶齡富錦生技股份有限公司 | B9: 04742997 | C9: 寄倉新約 | D9: nic.lin | E9: 35369 | F9: 9196 | G9: 177 | H9: 708 | I9: 1240 | J9: 1595 | K9: 1060 | L9: 580 | M9: 57 | N9: 0 | O9: 0 | P9: https://docs.google.com/spreadsheets/d/1WR3BgYZ_N4dJXe93pHp5Jzfs0lwdrK6yO4sj9CGDguU
A10: 鑫欣羿股份有限公司 | B10: 83138157 | C10: 寄倉新約 | D10: nic.lin | E10: 34059 | F10: 7835 | G10: 172 | H10: 679 | I10: 1192 | J10: 1534 | K10: 1975 | L10: 0 | M10: 350 | N10: 0 | O10: 0 | P10: https://docs.google.com/spreadsheets/d/1Vc5uXbp7TQhIrtZZq3fz3YQbbnpSxiN2dKt7ljohzCM
A11: 柏立奧有限公司 | B11: 83784669 | C11: 寄倉新約 | D11: nic.lin | E11: 5679 | F11: 1382 | G11: 27 | H11: 114 | I11: 199 | J11: 257 | K11: 294 | L11: 40 | M11: 52 | N11: 0 | O11: 0 | P11: https://docs.google.com/spreadsheets/d/1Wpull7BfHmQuJAuriWAvqqifkkBEYszNnIfrYHsboHA
A12: 艾斯德有限公司 | B12: 55742111 | C12: 寄倉新約 | D12: nic.lin | E12: 0 | F12: 0 | G12: 0 | H12: 0 | I12: 0 | J12: 0 | K12: 0 | L12: 0 | M12: 14 | N12: 0 | O12: 0 | P12: https://docs.google.com/spreadsheets/d/1Y1-uf25MaeAxyEeh_ub7AGfTbJCpfeulHDkfe1ccy_4
A13: 德虹國際股份有限公司 | B13: 52935157 | C13: 寄倉新約 | D13: nic.lin | E13: 7362 | F13: 1472 | G13: 35 | H13: 147 | I13: 258 | J13: 332 | K13: 259 | L13: 170 | M13: 126 | N13: 0 | O13: 0 | P13: https://docs.google.com/spreadsheets/d/1jC0ObaTfO7HiPQttVFBsQmJ2ZsgA-s94bZlTN5HM5ZQ
... A113: 馥聖實業有限公司 | B113: 80621234 | C113: 寄倉新約 | D113: nic.lin | E113: 0 | F113: 0 | G113: 0 | H113: 0 | I113: 0 | J113: 0 | K113: 0 | L113: 0 | M113: 135 | N113: 0 | O113: 0 | P113: https://docs.google.com/spreadsheets/d/1Ike_hAGZf2e3PVOszXwezpYs008oHveKEA8cmbSQzME

Sheet 2025-12
A1: 廠商名稱 | B1: 統一編號 | C1: 合作模式 | D1: 負責人 | E1: 銷售總額 | F1: 抽成 | G1: 平台維護費 | H1: 金流處理費 | I1: 行銷推廣費 | J1: 活動贊助費 | K1: 運費攤提 | L1: 人工處理費 | M1: 倉租加總 | N1: 吸收額 | O1: 特殊費用 | P1: 報表連結
A2: 明奇食品有限公司 | B2: 86175892 | C2: 寄倉新約 | D2: nic.lin | E2: 19406 | F2: 3881 | G2: 98 | H2: 392 | I2: 690 | J2: 694 | K2: 906 | L2: 638 | M2: 122 | N2: 0 | O2: 0 | P2: https://docs.google.com/spreadsheets/d/14J9wQ4cCoy9IBcKjP18cc5h4aNK5wtzGnpAgEOnGUCc
A3: 萬灃興貿易有限公司 | B3: 52281277 | C3: 寄倉新約 | D3: nic.lin | E3: 29150 | F3: 5731 | G3: 156 | H3: 584 | I3: 1019 | J3: 1044 | K3: 1164 | L3: 152 | M3: 228 | N3: 0 | O3: 0 | P3: https://docs.google.com/spreadsheets/d/1o37xHtuPwYjZxki2vHGt2lIyPJAaX8dAocU9D1df_4Y
A4: 凱勝運動訓練有限公司 | B4: 43941278 | C4: 寄倉新約 | D4: nic.lin | E4: 0 | F4: 0 | G4: 0 | H4: 0 | I4: 0 | J4: 0 | K4: 0 | L4: 0 | M4: 36 | N4: 0 | O4: 0 | P4: https://docs.google.com/spreadsheets/d/1aE5aTVaveClCGnpm3zHiWwHyPqemJh_vWRynEvyO9Dg
A5: 大誠益國際實業有限公司 | B5: 42772915 | C5: 寄倉新約 | D5: nic.lin | E5: 279012 | F5: 55895 | G5: 1401 | H5: 5583 | I5: 9767 | J5: 9875 | K5: 5138 | L5: 2505 | M5: 161 | N5: 0 | O5: 0 | P5: https://docs.google.com/spreadsheets/d/1Runn1AZCTJvWASjrnCb7yBx-25UoGzxVCwY7ZfnXniY
A6: 登薾國際貿易股份有限公司 | B6: 25034484 | C6: 寄倉新約 | D6: nic.lin | E6: 900 | F6: 180 | G6: 5 | H6: 18 | I6: 32 | J6: 32 | K6: 33 | L6: 3 | M6: 3 | N6: 0 | O6: 0 | P6: https://docs.google.com/spreadsheets/d/1oUqad5AYaUn5RM4JKlfVnq1eVB-ct-83AEpS7k9YDBc
A7: 寶齡富錦生技股份有限公司 | B7: 04742997 | C7: 寄倉新約 | D7: nic.lin | E7: 51797 | F7: 13235 | G7: 257 | H7: 1039 | I7: 1812 | J7: 1841 | K7: 1591 | L7: 1380 | M7: 39 | N7: 0 | O7: 0 | P7: https://docs.google.com/spreadsheets/d/1zSjXm34job_eYMBBZMXzuhmRzMT83oUxB8ZoYIRebo0
A8: 鑫欣羿股份有限公司 | B8: 83138157 | C8: 寄倉新約 | D8: nic.lin | E8: 30173 | F8: 6940 | G8: 152 | H8: 603 | I8: 1055 | J8: 1084 | K8: 1814 | L8: 0 | M8: 670 | N8: 0 | O8: 0 | P8: https://docs.google.com/spreadsheets/d/1n5VbJUSnLVZ84lq_BP3Se9CEEXEGrbIVS_lywgTP9VQ
A9: 柏立奧有限公司 | B9: 83784669 | C9: 寄倉新約 | D9: nic.lin | E9: 0 | F9: 0 | G9: 0 | H9: 0 | I9: 0 | J9: 0 | K9: 0 | L9: 0 | M9: 1 | N9: 0 | O9: 0 | P9: https://docs.google.com/spreadsheets/d/1vf0uWlDGckuQpCGd4_SxeGNxCJqg4CFzvVJhFzCGrVk
A10: 艾斯德有限公司 | B10: 55742111 | C10: 寄倉新約 | D10: nic.lin | E10: 299 | F10: 60 | G10: 2 | H10: 6 | I10: 10 | J10: 13 | K10: 17 | L10: 10 | M10: 14 | N10: 0 | O10: 0 | P10: https://docs.google.com/spreadsheets/d/1p9CSgin3V9l4bbX6myZFhf07PtMTukAj2DeeBV2SO-Q
A11: 德虹國際股份有限公司 | B11: 52935157 | C11: 寄倉新約 | D11: nic.lin | E11: 1349 | F11: 270 | G11: 6 | H11: 27 | I11: 47 | J11: 61 | K11: 58 | L11: 30 | M11: 8 | N11: 0 | O11: 0 | P11: https://docs.google.com/spreadsheets/d/17u71Vt4iVCRnXwoJpP2kn_XX0Y_yqvZ4QGMqhJ3ttx8
A12: 匹塔國際股份有限公司 | B12: 83195071 | C12: 寄倉新約 | D12: nic.lin | E12: 114303 | F12: 27813 | G12: 568 | H12: 2296 | I12: 4017 | J12: 4073 | K12: 4224 | L12: 2340 | M12: 635 | N12: 0 | O12: 0 | P12: https://docs.google.com/spreadsheets/d/1bXIIpoePvq2LYMN1sNQT02kvrAVPe2Vij1n2-odzQrA
A13: 永茂生技實業股份有限公司 | B13: 53178602 | C13: 寄倉新約 | D13: nic.lin | E13: 8503 | F13: 1634 | G13: 42 | H13: 171 | I13: 299 | J13: 291 | K13: 304 | L13: 166 | M13: 345 | N13: 0 | O13: 0 | P13: https://docs.google.com/spreadsheets/d/1UE2xCQUt5M8p5c37ljY1SZfCPFbWZFMvdZddOK1LoJM
... A118: 提栮生技股份有限公司 | B118: 00210987 | C118: 轉單合約 | D118: taichun.chen | E118: 1598 | F118: 447 | G118: 0 | H118: 32 | I118: 128 | J118: 0 | K118: 0 | L118: 0 | M118: 0 | N118: 0 | O118: 0 | P118: https://docs.google.com/spreadsheets/d/1BQSZCcOrz3UPKeDWd7Nm0DRRHL1p2xDfqtvSjMVgxiM

Sheet 2026-01
A1: 廠商名稱 | B1: 統一編號 | C1: 合作模式 | D1: 負責人 | E1: 銷售總額 | F1: 抽成 | G1: 平台維護費 | H1: 金流處理費 | I1: 行銷推廣費 | J1: 活動贊助費 | K1: 運費攤提 | L1: 人工處理費 | M1: 倉租加總 | N1: 吸收額 | O1: 特殊費用 | P1: 報表連結
A2: 明奇食品有限公司 | B2: 86175892 | C2: 寄倉新約 | D2: nic.lin | E2: 11858 | F2: 2372 | G2: 60 | H2: 242 | I2: 422 | J2: 299 | K2: 586 | L2: 448 | M2: 116 | N2: 0 | O2: 0 | P2: https://docs.google.com/spreadsheets/d/1uYu0CLrTe5AX8yhy2A6T2awFup-R9hsMQdHFE7Q9qLY
A3: 萬灃興貿易有限公司 | B3: 52281277 | C3: 寄倉新約 | D3: nic.lin | E3: 24840 | F3: 4968 | G3: 130 | H3: 500 | I3: 868 | J3: 615 | K3: 974 | L3: 132 | M3: 330 | N3: 0 | O3: 0 | P3: https://docs.google.com/spreadsheets/d/1TRPyUb3m5TZNQs40cmHc7oJBN43b2NNDzLr6HOM8Gk4
A4: 凱勝運動訓練有限公司 | B4: 43941278 | C4: 寄倉新約 | D4: nic.lin | E4: 0 | F4: 0 | G4: 0 | H4: 0 | I4: 0 | J4: 0 | K4: 0 | L4: 0 | M4: 36 | N4: 0 | O4: 0 | P4: https://docs.google.com/spreadsheets/d/1yMiTFSbW7_qTDvML9jwcrtn0u8koJ99pVIs58Qc-WzI
A5: 大誠益國際實業有限公司 | B5: 42772915 | C5: 寄倉新約 | D5: nic.lin | E5: 76406 | F5: 15335 | G5: 388 | H5: 1526 | I5: 2671 | J5: 2176 | K5: 2372 | L5: 765 | M5: 169 | N5: 0 | O5: 0 | P5: https://docs.google.com/spreadsheets/d/1r5ERfYBczVV_oMJQU019um0XX4A55pEN3DRWlduE4iI
A6: 登薾國際貿易股份有限公司 | B6: 25034484 | C6: 寄倉新約 | D6: nic.lin | E6: 0 | F6: 0 | G6: 0 | H6: 0 | I6: 0 | J6: 0 | K6: 0 | L6: 0 | M6: 4 | N6: 0 | O6: 0 | P6: https://docs.google.com/spreadsheets/d/1-2RIt8nYoZYctz45OG1r2QfV9gimHVbWc67NdjNo1SI
A7: 寶齡富錦生技股份有限公司 | B7: 04742997 | C7: 寄倉新約 | D7: nic.lin | E7: 11520 | F7: 2995 | G7: 57 | H7: 231 | I7: 404 | J7: 289 | K7: 404 | L7: 190 | M7: 46 | N7: 0 | O7: 0 | P7: https://docs.google.com/spreadsheets/d/1YEogwD4DktMAY1k4ljiHYPKk1j2mJvTgNanCSmmTTA4
A8: 鑫欣羿股份有限公司 | B8: 83138157 | C8: 寄倉新約 | D8: nic.lin | E8: 48487 | F8: 11153 | G8: 245 | H8: 966 | I8: 1694 | J8: 1210 | K8: 2519 | L8: 0 | M8: 516 | N8: 0 | O8: 0 | P8: https://docs.google.com/spreadsheets/d/1Gtd2pIXnJRGeB7VLSdKH71Z9VRdmnl90XSnxgutWUxw
A9: 柏立奧有限公司 | B9: 83784669 | C9: 寄倉新約 | D9: nic.lin | E9: 0 | F9: 0 | G9: 0 | H9: 0 | I9: 0 | J9: 0 | K9: 0 | L9: 0 | M9: 1 | N9: 0 | O9: 0 | P9: https://docs.google.com/spreadsheets/d/17ScYuGtPJZkXDb0yRvUp8wL4PvtG3H8UvmxBeRfy6uo
A10: 艾斯德有限公司 | B10: 55742111 | C10: 寄倉新約 | D10: nic.lin | E10: 299 | F10: 60 | G10: 2 | H10: 6 | I10: 10 | J10: 7 | K10: 16 | L10: 10 | M10: 13 | N10: 0 | O10: 0 | P10: https://docs.google.com/spreadsheets/d/1ivTzVGV6QP-m8jQ2FW9vwTWHAn5FAj7C3jlaxwsaM3U
A11: 德虹國際股份有限公司 | B11: 52935157 | C11: 寄倉新約 | D11: nic.lin | E11: 490 | F11: 98 | G11: 2 | H11: 10 | I11: 17 | J11: 12 | K11: 12 | L11: 10 | M11: 86 | N11: 0 | O11: 0 | P11: https://docs.google.com/spreadsheets/d/1efhAb7K2ojO03IQnnJk5vnmTkxbndKNRbfG5VOClDPY
A12: 匹塔國際股份有限公司 | B12: 83195071 | C12: 寄倉新約 | D12: nic.lin | E12: 83122 | F12: 20559 | G12: 413 | H12: 1676 | I12: 2910 | J12: 2129 | K12: 3184 | L12: 1780 | M12: 588 | N12: 0 | O12: 0 | P12: https://docs.google.com/spreadsheets/d/1nQJQkBI70Spq9Mx_6Boeyrb9W1_GGxVKaO_iU-mJ454
A13: 永茂生技實業股份有限公司 | B13: 53178602 | C13: 寄倉新約 | D13: nic.lin | E13: 7464 | F13: 1608 | G13: 36 | H13: 149 | I13: 262 | J13: 185 | K13: 464 | L13: 76 | M13: 347 | N13: 0 | O13: 0 | P13: https://docs.google.com/spreadsheets/d/16OKqwbUuTOl6_V8nDXXNrPIj-D1QMmhFdt_npY_Wcy0
... A109: 提栮生技股份有限公司 | B109: 00210987 | C109: 轉單合約 | D109: taichun.chen | E109: 5394 | F109: 1510 | G109: 0 | H109: 108 | I109: 432 | J109: 0 | K109: 0 | L109: 0 | M109: 0 | N109: 0 | O109: 0 | P109: https://docs.google.com/spreadsheets/d/1sLtYclx-5FQBxjz-0-V_kaIVnsXNdmru3rs6R6Y7lWk

Sheet 2026-02
A1: 廠商名稱 | B1: 統一編號 | C1: 合作模式 | D1: 負責人 | E1: 銷售總額 | F1: 抽成 | G1: 平台維護費 | H1: 金流處理費 | I1: 行銷推廣費 | J1: 活動贊助費 | K1: 運費攤提 | L1: 人工處理費 | M1: 倉租加總 | N1: 吸收額 | O1: 特殊費用 | P1: 報表連結
A2: 明奇食品有限公司 | B2: 86175892 | C2: 寄倉新約 | D2: nic.lin | E2: 8704 | F2: 1741 | G2: 42 | H2: 178 | I2: 310 | J2: 217 | K2: 192 | L2: 290 | M2: 101 | N2: 0 | O2: 0 | P2: https://docs.google.com/spreadsheets/d/1-JK1j4yxQcdf0pOLvUnCgsCaD77_j3T4ME0SHORt4II
A3: 萬灃興貿易有限公司 | B3: 52281277 | C3: 寄倉新約 | D3: nic.lin | E3: 13327 | F3: 2665 | G3: 71 | H3: 267 | I3: 465 | J3: 333 | K3: 417 | L3: 66 | M3: 291 | N3: 0 | O3: 0 | P3: https://docs.google.com/spreadsheets/d/1pQjRp04-4a8tdxigDdaygQIa7yoiHwFVavtX5NYr-bs
A4: 凱勝運動訓練有限公司 | B4: 43941278 | C4: 寄倉新約 | D4: nic.lin | E4: 0 | F4: 0 | G4: 0 | H4: 0 | I4: 0 | J4: 0 | K4: 0 | L4: 0 | M4: 33 | N4: 0 | O4: 0 | P4: https://docs.google.com/spreadsheets/d/1EKTTBV_BhJpzMNUeEyOR6yRMPl23kC50IOzjfq6Xv90
A5: 大誠益國際實業有限公司 | B5: 42772915 | C5: 寄倉新約 | D5: nic.lin | E5: 47902 | F5: 9580 | G5: 241 | H5: 954 | I5: 1681 | J5: 1197 | K5: 992 | L5: 400 | M5: 168 | N5: 0 | O5: 0 | P5: https://docs.google.com/spreadsheets/d/1skvFxm-gjWqGeKT3prhvH6URnvrw3gpJUYPt3pDVt9c
A6: 登薾國際貿易股份有限公司 | B6: 25034484 | C6: 寄倉新約 | D6: nic.lin | E6: 0 | F6: 0 | G6: 0 | H6: 0 | I6: 0 | J6: 0 | K6: 0 | L6: 0 | M6: 4 | N6: 0 | O6: 0 | P6: https://docs.google.com/spreadsheets/d/1ODccAsqTDib2xPudnj-oqVdYFb8HGvsUYtaz-xooHzo
A7: 寶齡富錦生技股份有限公司 | B7: 04742997 | C7: 寄倉新約 | D7: nic.lin | E7: 14810 | F7: 3851 | G7: 72 | H7: 298 | I7: 519 | J7: 370 | K7: 411 | L7: 250 | M7: 36 | N7: 0 | O7: 0 | P7: https://docs.google.com/spreadsheets/d/18xF_uhLutweYGBrggjEd7qnpiQ3VM6fXPsI3TBLzqPw
A8: 鑫欣羿股份有限公司 | B8: 83138157 | C8: 寄倉新約 | D8: nic.lin | E8: 22320 | F8: 5134 | G8: 114 | H8: 445 | I8: 783 | J8: 560 | K8: 1435 | L8: 0 | M8: 373 | N8: 0 | O8: 0 | P8: https://docs.google.com/spreadsheets/d/1hJgryx1nUkTXdI35hEYmXpP9v9-TuN1WQ1yA0eqlsqs
A9: 艾斯德有限公司 | B9: 55742111 | C9: 寄倉新約 | D9: nic.lin | E9: 0 | F9: 0 | G9: 0 | H9: 0 | I9: 0 | J9: 0 | K9: 0 | L9: 0 | M9: 11 | N9: 0 | O9: 0 | P9: https://docs.google.com/spreadsheets/d/1Im_9t0SE0dD4x9NspQlT0Aa6URC87HcO3zVvTq9ZguM
A10: 德虹國際股份有限公司 | B10: 52935157 | C10: 寄倉新約 | D10: nic.lin | E10: 11478 | F10: 2296 | G10: 57 | H10: 231 | I10: 403 | J10: 288 | K10: 340 | L10: 280 | M10: 192 | N10: 0 | O10: 0 | P10: https://docs.google.com/spreadsheets/d/1N01OhSmY_2Zxl5kGK4ORK3bO_E0zbqy2NnOPgS2JKpk
A11: 匹塔國際股份有限公司 | B11: 83195071 | C11: 寄倉新約 | D11: nic.lin | E11: 63329 | F11: 15177 | G11: 309 | H11: 1274 | I11: 2232 | J11: 1585 | K11: 1989 | L11: 1100 | M11: 376 | N11: 0 | O11: 0 | P11: https://docs.google.com/spreadsheets/d/1Zd1zxajGoge070efi6ZXiiUZQlBxghwOLcgTxsCAm0Q
A12: 永茂生技實業股份有限公司 | B12: 53178602 | C12: 寄倉新約 | D12: nic.lin | E12: 13912 | F12: 3127 | G12: 71 | H12: 280 | I12: 489 | J12: 351 | K12: 424 | L12: 219 | M12: 261 | N12: 0 | O12: 0 | P12: https://docs.google.com/spreadsheets/d/1_slk191VfAhm7Tp28DLSetssO7mN_mNzwudX08w0OqY
A13: 普羅客託國際開發有限公司 | B13: 24697443 | C13: 寄倉新約 | D13: nic.lin | E13: 0 | F13: 0 | G13: 0 | H13: 0 | I13: 0 | J13: 0 | K13: 0 | L13: 0 | M13: 102 | N13: 0 | O13: 0 | P13: https://docs.google.com/spreadsheets/d/1qtKTVLR9uLO1hehIXbXxSKmp4eyinIkWoWE29wQnqRo
... A110: 瑞斯米有限公司 | B110: 93594885 | C110: 轉單合約 | D110: taichun.chen | E110: 2100 | F110: 336 | G110: 0 | H110: 42 | I110: 168 | J110: 0 | K110: 0 | L110: 0 | M110: 0 | N110: 0 | O110: 0 | P110: https://docs.google.com/spreadsheets/d/1ohvCca6weZxwbT5fG1N_gUTOlKpIV44HbJtiVwaV5n4

Sheet 2026-03
A1: 廠商名稱 | B1: 統一編號 | C1: 合作模式 | D1: 負責人 | E1: 銷售總額 | F1: 抽成 | G1: 平台維護費 | H1: 金流處理費 | I1: 行銷推廣費 | J1: 活動贊助費 | K1: 運費攤提 | L1: 人工處理費 | M1: 倉租加總 | N1: 吸收額 | O1: 特殊費用 | P1: 報表連結
A2: 明奇食品有限公司 | B2: 86175892 | C2: 寄倉新約 | D2: taichun.chen | E2: 20910 | F2: 4182 | G2: 104 | H2: 425 | I2: 735 | J2: 520 | K2: 1113 | L2: 572 | M2: 67 | N2: 0 | O2: 0 | P2: https://docs.google.com/spreadsheets/d/1ZJIbKp1kygNptKhkSH-ct0pqX30rVG4HX7VbJwRKvzU
A3: 萬灃興貿易有限公司 | B3: 52281277 | C3: 寄倉新約 | D3: taichun.chen | E3: 28637 | F3: 5727 | G3: 147 | H3: 580 | I3: 1001 | J3: 714 | K3: 1448 | L3: 166 | M3: 264 | N3: 0 | O3: 0 | P3: https://docs.google.com/spreadsheets/d/15190JSXSPH5wlm-ZhyXQC27gDdEvqR0lk4t1ZKRywmA
A4: 凱勝運動訓練有限公司 | B4: 43941278 | C4: 寄倉新約 | D4: taichun.chen | E4: 0 | F4: 0 | G4: 0 | H4: 0 | I4: 0 | J4: 0 | K4: 0 | L4: 0 | M4: 36 | N4: 0 | O4: 0 | P4: https://docs.google.com/spreadsheets/d/1nyApr6bJK91OCDzR_u7UlDmeQ8Hvy38i4ynOeSsbpx4
A5: 大誠益國際實業有限公司 | B5: 42772915 | C5: 寄倉新約 | D5: taichun.chen | E5: 34069 | F5: 6924 | G5: 175 | H5: 678 | I5: 1197 | J5: 849 | K5: 1005 | L5: 365 | M5: 161 | N5: 0 | O5: 0 | P5: https://docs.google.com/spreadsheets/d/1lDlOMvColGzSdauCoV-HwUXQR80dwdxMdK15Xjirsvw
A6: 登薾國際貿易股份有限公司 | B6: 25034484 | C6: 寄倉新約 | D6: taichun.chen | E6: 0 | F6: 0 | G6: 0 | H6: 0 | I6: 0 | J6: 0 | K6: 0 | L6: 0 | M6: 4 | N6: 0 | O6: 0 | P6: https://docs.google.com/spreadsheets/d/1p4aYZRKnzBEBWnqigJsz40hVIHZTBlW_2EXs-z9fZ2k
A7: 寶齡富錦生技股份有限公司 | B7: 04742997 | C7: 寄倉新約 | D7: taichun.chen | E7: 27404 | F7: 7125 | G7: 135 | H7: 551 | I7: 962 | J7: 687 | K7: 675 | L7: 490 | M7: 31 | N7: 0 | O7: 0 | P7: https://docs.google.com/spreadsheets/d/1lKxWyFDEX76sHyO1GbnVq1TVVuGMsnLrTXfHBO_aYpg
A8: 鑫欣羿股份有限公司 | B8: 83138157 | C8: 寄倉新約 | D8: taichun.chen | E8: 31816 | F8: 7319 | G8: 159 | H8: 634 | I8: 1114 | J8: 793 | K8: 1743 | L8: 0 | M8: 304 | N8: 0 | O8: 0 | P8: https://docs.google.com/spreadsheets/d/1cMQAmlga1UEni-Whv9MZ6-JZHWgiVN8oGT0bEYI95qY
A9: 艾斯德有限公司 | B9: 55742111 | C9: 寄倉新約 | D9: taichun.chen | E9: 299 | F9: 60 | G9: 2 | H9: 6 | I9: 10 | J9: 7 | K9: 11 | L9: 10 | M9: 12 | N9: 0 | O9: 0 | P9: https://docs.google.com/spreadsheets/d/1Xjmpqzu3voEz2_88WGQKtZ0AQT0WHYmey9AYL6AU6Y0
A10: 德虹國際股份有限公司 | B10: 52935157 | C10: 寄倉新約 | D10: taichun.chen | E10: 11378 | F10: 2276 | G10: 57 | H10: 227 | I10: 398 | J10: 284 | K10: 381 | L10: 270 | M10: 187 | N10: 0 | O10: 0 | P10: https://docs.google.com/spreadsheets/d/1Jbq09bqUel984Nzg5hwzEFLPv_mpRRnewAH872cJzsY
A11: 匹塔國際股份有限公司 | B11: 83195071 | C11: 寄倉新約 | D11: taichun.chen | E11: 53329 | F11: 12965 | G11: 266 | H11: 1074 | I11: 1876 | J11: 1332 | K11: 2141 | L11: 1220 | M11: 298 | N11: 0 | O11: 0 | P11: https://docs.google.com/spreadsheets/d/17NJdRi0bpPa2uf5a43YPjVMyPsoKmzmiaqxOoovgH-8
A12: 永茂生技實業股份有限公司 | B12: 53178602 | C12: 寄倉新約 | D12: taichun.chen | E12: 5585 | F12: 1189 | G12: 28 | H12: 113 | I12: 194 | J12: 138 | K12: 341 | L12: 190 | M12: 275 | N12: 0 | O12: 0 | P12: https://docs.google.com/spreadsheets/d/1ipXc7E8biXGqHQrIDn31_vAp0PuSIZlu05uQpbAaELU
A13: 普羅客託國際開發有限公司 | B13: 24697443 | C13: 寄倉新約 | D13: taichun.chen | E13: 0 | F13: 0 | G13: 0 | H13: 0 | I13: 0 | J13: 0 | K13: 0 | L13: 0 | M13: 113 | N13: 0 | O13: 0 | P13: https://docs.google.com/spreadsheets/d/1vhjojJKA4qy7SJpvx4Pd3X-OaFqyBtuKmjKQ9bdlaPo
... A114: 瑞斯米有限公司 | B114: 93594885 | C114: 轉單合約 | D114: taichun.chen | E114: 1400 | F114: 224 | G114: 0 | H114: 28 | I114: 112 | J114: 0 | K114: 0 | L114: 0 | M114: 0 | N114: 0 | O114: 0 | P114: https://docs.google.com/spreadsheets/d/1HAFvHZxmZRdmlZ1Yr5DpV29yV4OP96IRRJYKG-yoFMw

Sheet 2026-04
A1: 廠商名稱 | B1: 統一編號 | C1: 合作模式 | D1: 負責人 | E1: 銷售總額 | F1: 抽成 | G1: 平台維護費 | H1: 金流處理費 | I1: 行銷推廣費 | J1: 活動贊助費 | K1: 運費攤提 | L1: 人工處理費 | M1: 倉租加總 | N1: 吸收額 | O1: 特殊費用 | P1: 報表連結
A2: 明奇食品有限公司 | B2: 86175892 | C2: 寄倉新約 | D2: taichun.chen | E2: 10751 | F2: 2150 | G2: 54 | H2: 219 | I2: 379 | J2: 271 | K2: 556 | L2: 298 | M2: 74 | N2: 0 | O2: 0 | P2: https://docs.google.com/spreadsheets/d/16cEWhSHrxyyi1jGgq2xVoJ1KyzNn_-MpnZ-5Dho9c20
A3: 萬灃興貿易有限公司 | B3: 52281277 | C3: 寄倉新約 | D3: taichun.chen | E3: 15610 | F3: 3122 | G3: 82 | H3: 313 | I3: 546 | J3: 389 | K3: 891 | L3: 88 | M3: 175 | N3: 0 | O3: 0 | P3: https://docs.google.com/spreadsheets/d/1ge_KYWVzpHIrBQ7euaqDLvuzhSu3PEm3ImM9-AI6L5U
A4: 凱勝運動訓練有限公司 | B4: 43941278 | C4: 寄倉新約 | D4: taichun.chen | E4: 0 | F4: 0 | G4: 0 | H4: 0 | I4: 0 | J4: 0 | K4: 0 | L4: 0 | M4: 35 | N4: 0 | O4: 0 | P4: https://docs.google.com/spreadsheets/d/1f28ubhqmtj-L61doWhfZUsNrE-vyL924PUGHm7gKmAg
A5: 大誠益國際實業有限公司 | B5: 42772915 | C5: 寄倉新約 | D5: taichun.chen | E5: 43054 | F5: 8967 | G5: 218 | H5: 863 | I5: 1505 | J5: 1077 | K5: 693 | L5: 360 | M5: 137 | N5: 0 | O5: 0 | P5: https://docs.google.com/spreadsheets/d/1K_yoyMwq8Mm1rmjqpu6M5O4xeY2vuzp_U5L-cI-P0Vs
A6: 登薾國際貿易股份有限公司 | B6: 25034484 | C6: 寄倉新約 | D6: taichun.chen | E6: 0 | F6: 0 | G6: 0 | H6: 0 | I6: 0 | J6: 0 | K6: 0 | L6: 0 | M6: 4 | N6: 0 | O6: 0 | P6: https://docs.google.com/spreadsheets/d/1SIENvybDrD7L6koTQbDABZA_0RCbKSz7pxjYW1cqi7Q
A7: 寶齡富錦生技股份有限公司 | B7: 04742997 | C7: 寄倉新約 | D7: taichun.chen | E7: 9010 | F7: 2343 | G7: 44 | H7: 181 | I7: 315 | J7: 226 | K7: 203 | L7: 170 | M7: 27 | N7: 0 | O7: 0 | P7: https://docs.google.com/spreadsheets/d/1C5W0Q7rLwmWUGTWqciSVzd35trvOwrefOQeDz4w3bu8
A8: 鑫欣羿股份有限公司 | B8: 83138157 | C8: 寄倉新約 | D8: taichun.chen | E8: 27712 | F8: 6375 | G8: 140 | H8: 552 | I8: 972 | J8: 691 | K8: 1547 | L8: 0 | M8: 165 | N8: 0 | O8: 0 | P8: https://docs.google.com/spreadsheets/d/11z05hSFDfIsfJ4bL4x1F0P4CwpnPrlxuclqOmaCZedU
A9: 艾斯德有限公司 | B9: 55742111 | C9: 寄倉新約 | D9: taichun.chen | E9: 299 | F9: 60 | G9: 2 | H9: 6 | I9: 10 | J9: 7 | K9: 29 | L9: 10 | M9: 11 | N9: 0 | O9: 0 | P9: https://docs.google.com/spreadsheets/d/1yC5jnoZHXh9cxf1Kg2G58cTd2Ux7R_hP9ar3u1_hB5A
A10: 德虹國際股份有限公司 | B10: 52935157 | C10: 寄倉新約 | D10: taichun.chen | E10: 20310 | F10: 4062 | G10: 102 | H10: 407 | I10: 713 | J10: 510 | K10: 715 | L10: 500 | M10: 151 | N10: 0 | O10: 0 | P10: https://docs.google.com/spreadsheets/d/1ajQHGK3Dt_w68n_fpa7JuF-Z9FCww8oSG30YNb3YEJ4
A11: 匹塔國際股份有限公司 | B11: 83195071 | C11: 寄倉新約 | D11: taichun.chen | E11: 32075 | F11: 7994 | G11: 163 | H11: 644 | I11: 1132 | J11: 801 | K11: 1275 | L11: 1490 | M11: 213 | N11: 0 | O11: 0 | P11: https://docs.google.com/spreadsheets/d/1YoBaXTiIe-PAgd59xXOc0JT1ry146r6kPu_fRLRidZY
A12: 永茂生技實業股份有限公司 | B12: 53178602 | C12: 寄倉新約 | D12: taichun.chen | E12: 8787 | F12: 1924 | G12: 46 | H12: 178 | I12: 306 | J12: 222 | K12: 434 | L12: 160 | M12: 264 | N12: 0 | O12: 0 | P12: https://docs.google.com/spreadsheets/d/1okjvrOPBDey5sAxXfJD9l2QvZFbANDh4lOBS7Cy3LLU
A13: 普羅客託國際開發有限公司 | B13: 24697443 | C13: 寄倉新約 | D13: taichun.chen | E13: 1212 | F13: 242 | G13: 6 | H13: 24 | I13: 43 | J13: 31 | K13: 88 | L13: 20 | M13: 105 | N13: 0 | O13: 0 | P13: https://docs.google.com/spreadsheets/d/1vWKiSCC4xFA9bK7lL3tf9SHaQYCzzxvpXnvTyJUx9Ik
... A112: 瑞斯米有限公司 | B112: 93594885 | C112: 轉單合約 | D112: taichun.chen | E112: 4200 | F112: 672 | G112: 0 | H112: 84 | I112: 336 | J112: 0 | K112: 0 | L112: 0 | M112: 0 | N112: 0 | O112: 0 | P112: https://docs.google.com/spreadsheets/d/1_NrM5vss0_dxoMnByvBnl2DQrWP1tkDi_O_h9GH5lqA

Sheet 2026-05
A1: 廠商名稱 | B1: 統一編號 | C1: 合作模式 | D1: 負責人 | E1: 銷售總額 | F1: 抽成 | G1: 平台維護費 | H1: 金流處理費 | I1: 行銷推廣費 | J1: 活動贊助費 | K1: 運費攤提 | L1: 人工處理費 | M1: 倉租加總 | N1: 吸收額 | O1: 特殊費用 | P1: 報表連結
A2: 明奇食品有限公司 | B2: 86175892 | C2: 寄倉新約 | D2: taichun.chen | E2: 5750 | F2: 1150 | G2: 25 | H2: 116 | I2: 205 | J2: 141 | K2: 303 | L2: 194 | M2: 81 | N2: 0 | O2: 0 | P2: https://docs.google.com/spreadsheets/d/1tpm7L8-1YPTMi6ybN4Fd9AKlj5WD-99LArYQlkLT7e8
A3: 萬灃興貿易有限公司 | B3: 52281277 | C3: 寄倉新約 | D3: taichun.chen | E3: 24374 | F3: 4875 | G3: 129 | H3: 490 | I3: 848 | J3: 609 | K3: 1385 | L3: 128 | M3: 176 | N3: 0 | O3: 0 | P3: https://docs.google.com/spreadsheets/d/1RdRHFJria1ga01yohtr_PIEBtNPBGyaorPf9Qsnn0h8
A4: 凱勝運動訓練有限公司 | B4: 43941278 | C4: 寄倉新約 | D4: taichun.chen | E4: 0 | F4: 0 | G4: 0 | H4: 0 | I4: 0 | J4: 0 | K4: 0 | L4: 0 | M4: 36 | N4: 0 | O4: 0 | P4: https://docs.google.com/spreadsheets/d/1uuHOLFDRh_mzoe5madIevfhzpFtUAyNF3A6nRKtYu9E
A5: 大誠益國際實業有限公司 | B5: 42772915 | C5: 寄倉新約 | D5: taichun.chen | E5: 45270 | F5: 9162 | G5: 231 | H5: 907 | I5: 1581 | J5: 1131 | K5: 749 | L5: 365 | M5: 122 | N5: 0 | O5: 0 | P5: https://docs.google.com/spreadsheets/d/1zPMTEM8mAO3p15CWHk2d9vPi3rYT7cfR05Z0iQOL8zM
A6: 登薾國際貿易股份有限公司 | B6: 25034484 | C6: 寄倉新約 | D6: taichun.chen | E6: 0 | F6: 0 | G6: 0 | H6: 0 | I6: 0 | J6: 0 | K6: 0 | L6: 0 | M6: 4 | N6: 0 | O6: 0 | P6: https://docs.google.com/spreadsheets/d/1_PVeCzXrsf-ONbTD9XZ0baVI9mO2A0siggR35eQXTAY
A7: 寶齡富錦生技股份有限公司 | B7: 04742997 | C7: 寄倉新約 | D7: taichun.chen | E7: 16010 | F7: 4163 | G7: 80 | H7: 322 | I7: 562 | J7: 402 | K7: 560 | L7: 280 | M7: 33 | N7: 0 | O7: 0 | P7: https://docs.google.com/spreadsheets/d/1pTgOFCjGbXhvYBoKYTnmLlFRLoefH8dGJvPGpfX59u4
A8: 鑫欣羿股份有限公司 | B8: 83138157 | C8: 寄倉新約 | D8: taichun.chen | E8: 36945 | F8: 8498 | G8: 185 | H8: 738 | I8: 1292 | J8: 922 | K8: 2087 | L8: 0 | M8: 305 | N8: 0 | O8: 0 | P8: https://docs.google.com/spreadsheets/d/1FcMT-_nH-0K7g6kicoOzh5SIiJHws9NsUUclRt--MNc
A9: 艾斯德有限公司 | B9: 55742111 | C9: 寄倉新約 | D9: taichun.chen | E9: 0 | F9: 0 | G9: 0 | H9: 0 | I9: 0 | J9: 0 | K9: 0 | L9: 0 | M9: 11 | N9: 0 | O9: 0 | P9: https://docs.google.com/spreadsheets/d/1jgjAM3TDS_9LW2FlKIoNDDqY8FZw45Arh_c22LEKi3M
A10: 德虹國際股份有限公司 | B10: 52935157 | C10: 寄倉新約 | D10: taichun.chen | E10: 13028 | F10: 2606 | G10: 63 | H10: 261 | I10: 456 | J10: 327 | K10: 584 | L10: 300 | M10: 116 | N10: 0 | O10: 0 | P10: https://docs.google.com/spreadsheets/d/1ZpPZIjxv-e_Qw6NRrikhHQB7PWguBz8X6CoQU5p1_tg
A11: 匹塔國際股份有限公司 | B11: 83195071 | C11: 寄倉新約 | D11: taichun.chen | E11: 11874 | F11: 2947 | G11: 61 | H11: 238 | I11: 419 | J11: 297 | K11: 414 | L11: 690 | M11: 191 | N11: 0 | O11: 0 | P11: https://docs.google.com/spreadsheets/d/19C63rIN3r0JdgYKlbrONQslOs2JK7ggRJT6p6FVE5rk
A12: 永茂生技實業股份有限公司 | B12: 53178602 | C12: 寄倉新約 | D12: taichun.chen | E12: 9054 | F12: 2109 | G12: 44 | H12: 181 | I12: 316 | J12: 225 | K12: 202 | L12: 109 | M12: 249 | N12: 0 | O12: 0 | P12: https://docs.google.com/spreadsheets/d/1eDyJ3NKnZGFVUSOSGrVWyXn8DUsDW8QBLGnudukqw00
A13: 普羅客託國際開發有限公司 | B13: 24697443 | C13: 寄倉新約 | D13: taichun.chen | E13: 0 | F13: 0 | G13: 0 | H13: 0 | I13: 0 | J13: 0 | K13: 0 | L13: 0 | M13: 106 | N13: 0 | O13: 0 | P13: https://docs.google.com/spreadsheets/d/1YY2pVKRwfbPelHQkasdwgt6ll2BJfUuDe6s-wMTi--Y
... A107: 巧良實業股份有限公司 | B107: 89205006 | C107: 轉單合約 | D107: james.tseng | E107: 979 | F107: 0 | G107: 0 | H107: 0 | I107: 0 | J107: 0 | K107: 0 | L107: 0 | M107: 0 | N107: 0 | O107: 0 | P107: https://docs.google.com/spreadsheets/d/1hjQhsvYCBO55kTHDfYyEI6vwyjVvQdzqqkkXLoPiSYc

Sheet 2026-06
A1: 廠商名稱 | B1: 統一編號 | C1: 合作模式 | D1: 負責人 | E1: 銷售總額 | F1: 抽成 | G1: 平台維護費 | H1: 金流處理費 | I1: 行銷推廣費 | J1: 活動贊助費 | K1: 運費攤提 | L1: 人工處理費 | M1: 倉租加總 | N1: 吸收額 | O1: 特殊費用 | P1: 報表連結
A2: 樂維根有限公司 | B2: 91116677 | C2: 寄倉新約 | D2: taichun.chen | E2: 657881 | F2: 132338 | G2: 3393 | H2: 13208 | I2: 22944 | J2: 16396 | K2: 29055 | L2: 20 | M2: 4632 | N2: 0 | O2: 0 | P2: https://docs.google.com/spreadsheets/d/1bF4lsXdO-kgGiXiKIrwfh1KvGaLoNNZGYQtNWJ4d59E
A3: 健生活股份有限公司 | B3: 00017723 | C3: 寄倉新約 | D3: taichun.chen | E3: 164565 | F3: 42787 | G3: 819 | H3: 3291 | I3: 5762 | J3: 4111 | K3: 1803 | L3: 1440 | M3: 116 | N3: 0 | O3: 0 | P3: https://docs.google.com/spreadsheets/d/18HrjwIpL8PNitQ2gQBMbNmiOjShMr0haQyzjFozn6Ho
A4: 綠富有限公司 | B4: 42918432 | C4: 寄倉新約 | D4: taichun.chen | E4: 158686 | F4: 38703 | G4: 809 | H4: 3176 | I4: 5567 | J4: 3986 | K4: 4653 | L4: 4552 | M4: 770 | N4: 0 | O4: 0 | P4: https://docs.google.com/spreadsheets/d/1PPlCtBjhwSBuZ2hoXXuwRfDAP2GV4JPz6RoV3z4loG8
A5: 奕瑪國際行銷股份有限公司 | B5: 12777300 | C5: 寄倉新約 | D5: taichun.chen | E5: 138487 | F5: 27697 | G5: 699 | H5: 2770 | I5: 4837 | J5: 3464 | K5: 4565 | L5: 1173 | M5: 606 | N5: 0 | O5: 0 | P5: https://docs.google.com/spreadsheets/d/1c-m3uPdWtVG_VDJzHeO2jWsRH-2tXkPMN_r7W8VeUuI
A6: 蓋德國際有限公司 | B6: 90651974 | C6: 寄倉新約 | D6: taichun.chen | E6: 87415 | F6: 22728 | G6: 426 | H6: 1760 | I6: 3054 | J6: 2187 | K6: 4189 | L6: 80 | M6: 701 | N6: 0 | O6: 0 | P6: https://docs.google.com/spreadsheets/d/1WRMz08KmiUqmnFze-4EnxdC7z0yOvZCN62nmIMhM_pc
A7: 原來是洋蔥股份有限公司 | B7: 83618965 | C7: 轉單合約 | D7: marcy.hsu | E7: 62620 | F7: 7514 | G7: 0 | H7: 1253 | I7: 5009 | J7: 0 | K7: 0 | L7: 0 | M7: 0 | N7: 0 | O7: 0 | P7: https://docs.google.com/spreadsheets/d/1VmRewQiJCBSN7kxJ1P5SJvI6cSk5WnldWYtWgfjkD6c
A8: 端強實業股份有限公司 | B8: 20877204 | C8: 寄倉新約 | D8: taichun.chen | E8: 51775 | F8: 11908 | G8: 259 | H8: 1037 | I8: 1813 | J8: 1283 | K8: 2639 | L8: 430 | M8: 479 | N8: 0 | O8: 0 | P8: https://docs.google.com/spreadsheets/d/1apcVG6XzhdtQXA-ncLoecT7bsHNc9dSCK6f5LGF87fU
A9: 大誠益國際實業有限公司 | B9: 42772915 | C9: 寄倉新約 | D9: taichun.chen | E9: 50059 | F9: 10587 | G9: 256 | H9: 1003 | I9: 1749 | J9: 1250 | K9: 734 | L9: 855 | M9: 90 | N9: 0 | O9: 0 | P9: https://docs.google.com/spreadsheets/d/1PuVWmmPnhjDH831fBeKg6Pq3IMD7rRKc4Ss-GB526Ts
A10: 禹函股份有限公司 | B10: 82909515 | C10: 轉單合約 | D10: marcy.hsu | E10: 48710 | F10: 7306 | G10: 0 | H10: 975 | I10: 3897 | J10: 0 | K10: 0 | L10: 0 | M10: 0 | N10: 0 | O10: 0 | P10: https://docs.google.com/spreadsheets/d/152QyzycKOVmpVvXDr2jmf6aSxn2gleRPo6W64cutrzs
A11: 台灣明治食品股份有限公司 | B11: 52613156 | C11: 寄倉新約 | D11: taichun.chen | E11: 45561 | F11: 10023 | G11: 228 | H11: 914 | I11: 1594 | J11: 1141 | K11: 1394 | L11: 500 | M11: 119 | N11: 0 | O11: 0 | P11: https://docs.google.com/spreadsheets/d/11wUx5JhtmRlREshHDVi4qP_ma9EF7dE5npGsR2dW68s
A12: 青荷國際有限公司 | B12: 24407269 | C12: 寄倉新約 | D12: taichun.chen | E12: 40501 | F12: 7237 | G12: 192 | H12: 813 | I12: 1418 | J12: 1007 | K12: 2737 | L12: 1315 | M12: 245 | N12: 0 | O12: 0 | P12: https://docs.google.com/spreadsheets/d/1Sis9tfzgA3ZYaT1DlrhU6PcagTOTmSGh9NEXPZTJsdE
A13: 綠富有限公司 | B13: 42918432 | C13: 轉單合約 | D13: taichun.chen | E13: 39600 | F13: 9108 | G13: 0 | H13: 792 | I13: 3168 | J13: 0 | K13: 0 | L13: 0 | M13: 0 | N13: 0 | O13: 0 | P13: https://docs.google.com/spreadsheets/d/1B3gfEKJNOZ8Loiylbkk41DCzhgsnQsn5UQgcSeoMl98
... A99: 饌元股份有限公司 | B99: 54162311 | C99: 轉單合約 | D99: 王奕婷 | E99: 0 | F99: 0 | G99: 0 | H99: 0 | I99: 0 | J99: 0 | K99: 0 | L99: 0 | M99: 0 | N99: 254014743 | O99: 0 | P99: https://docs.google.com/spreadsheets/d/1kUZLPg-zDUIvf7sv52Hs2QnW-8Lv1qlh8r4k_2lKwlQ

Sheet 2026-07
A1: 廠商名稱 | B1: 統一編號 | C1: 合作模式 | D1: 負責人 | E1: 銷售總額 | F1: 抽成 | G1: 平台維護費 | H1: 金流處理費 | I1: 行銷推廣費 | J1: 活動贊助費 | K1: 運費攤提 | L1: 人工處理費 | M1: 倉租加總 | N1: 吸收額 | O1: 特殊費用 | P1: 報表連結
A2: 樂維根有限公司 | B2: 91116677 | C2: 寄倉新約 | D2: taichun.chen | E2: 477258 | F2: 95483 | G2: 2481 | H2: 9571 | I2: 16648 | J2: 11888 | K2: 19993 | L2: 0 | M2: 6174 | N2: 0 | O2: 0 | P2: https://docs.google.com/spreadsheets/d/1aQn3-cPNi6AmvvyWCXQD2s1MyeQzhqdaY19ZdjokFYA
A3: 鐵支路有限公司 | B3: 69301142 | C3: 寄倉新約 | D3: taichun.chen | E3: 18269 | F3: 4750 | G3: 95 | H3: 368 | I3: 638 | J3: 452 | K3: 647 | L3: 300 | M3: 66 | N3: 0 | O3: 0 | P3: https://docs.google.com/spreadsheets/d/1B5UjlzLwr1cZmfsWLoIt3FzZ8Hog_mUKqnT6P3IS0sc
A4: 明奇食品有限公司 | B4: 86175892 | C4: 寄倉新約 | D4: taichun.chen | E4: 11028 | F4: 2206 | G4: 55 | H4: 223 | I4: 389 | J4: 276 | K4: 532 | L4: 294 | M4: 63 | N4: 0 | O4: 0 | P4: https://docs.google.com/spreadsheets/d/1lYxdwtVPM_FGN88KJ2VOsGgwivS2XmQfQXQ_x07PNwY
A5: 萬灃興貿易有限公司 | B5: 52281277 | C5: 寄倉新約 | D5: taichun.chen | E5: 12095 | F5: 2419 | G5: 64 | H5: 244 | I5: 423 | J5: 299 | K5: 764 | L5: 66 | M5: 137 | N5: 0 | O5: 0 | P5: https://docs.google.com/spreadsheets/d/1gH7OLinLzcTIWNX0cdcheQ0xC4Qd6RLm2NZ9_G9mj6c
A6: 凱勝運動訓練有限公司 | B6: 43941278 | C6: 寄倉新約 | D6: taichun.chen | E6: 0 | F6: 0 | G6: 0 | H6: 0 | I6: 0 | J6: 0 | K6: 0 | L6: 0 | M6: 36 | N6: 0 | O6: 0 | P6: https://docs.google.com/spreadsheets/d/11bFAbNZUf8vimUmp3HECunJn6gxTCi2n_zI8a_aSyuc
A7: 大誠益國際實業有限公司 | B7: 42772915 | C7: 寄倉新約 | D7: taichun.chen | E7: 17069 | F7: 3516 | G7: 86 | H7: 342 | I7: 598 | J7: 427 | K7: 302 | L7: 125 | M7: 75 | N7: 0 | O7: 0 | P7: https://docs.google.com/spreadsheets/d/1mR8ryRnwHcGIzpsag8J7CZ_8zKYtGbH-Tbc0QUxa69k
A8: 登薾國際貿易股份有限公司 | B8: 25034484 | C8: 寄倉新約 | D8: taichun.chen | E8: 0 | F8: 0 | G8: 0 | H8: 0 | I8: 0 | J8: 0 | K8: 0 | L8: 0 | M8: 4 | N8: 0 | O8: 0 | P8: https://docs.google.com/spreadsheets/d/1ZinArhHRs7e_UyuTQ2C8y_gni8-RFGe3sSdfBJwcWUg
A9: 寶齡富錦生技股份有限公司 | B9: 04742997 | C9: 寄倉新約 | D9: taichun.chen | E9: 21664 | F9: 5633 | G9: 107 | H9: 435 | I9: 760 | J9: 543 | K9: 583 | L9: 400 | M9: 28 | N9: 0 | O9: 0 | P9: https://docs.google.com/spreadsheets/d/1aIpNZOzDxxNmS1MIQn2KRiaz33q8Rd37YExxOj5wCZo
A10: 鑫欣羿股份有限公司 | B10: 83138157 | C10: 寄倉新約 | D10: taichun.chen | E10: 22246 | F10: 5117 | G10: 113 | H10: 443 | I10: 779 | J10: 555 | K10: 1098 | L10: 0 | M10: 117 | N10: 0 | O10: 0 | P10: https://docs.google.com/spreadsheets/d/1wrgAyYr6aKrRFrARGfHhNvSx43fBuj_Doc8ZN0CdVCY
A11: 艾斯德有限公司 | B11: 55742111 | C11: 寄倉新約 | D11: taichun.chen | E11: 0 | F11: 0 | G11: 0 | H11: 0 | I11: 0 | J11: 0 | K11: 0 | L11: 0 | M11: 11 | N11: 0 | O11: 0 | P11: https://docs.google.com/spreadsheets/d/1D7pYQaBhYFtssLblQRqNcJAQwsIm096VSXK2YqL-mNw
A12: 德虹國際股份有限公司 | B12: 52935157 | C12: 寄倉新約 | D12: taichun.chen | E12: 0 | F12: 0 | G12: 0 | H12: 0 | I12: 0 | J12: 0 | K12: 0 | L12: 0 | M12: 28 | N12: 0 | O12: 0 | P12: https://docs.google.com/spreadsheets/d/1m9zLyS4gLiG7t2JMaiWASItOZ-RzMz6tYd8AJhIhTlc
A13: 匹塔國際股份有限公司 | B13: 83195071 | C13: 寄倉新約 | D13: taichun.chen | E13: 8042 | F13: 1942 | G13: 42 | H13: 160 | I13: 284 | J13: 202 | K13: 274 | L13: 700 | M13: 126 | N13: 0 | O13: 0 | P13: https://docs.google.com/spreadsheets/d/1jpHeGFCHobTAmUDQqg1KmsFhHB2PLGVZbG22obHI94M
... A107: 瑞斯米有限公司 | B107: 93594885 | C107: 轉單合約 | D107: taichun.chen | E107: 2800 | F107: 448 | G107: 0 | H107: 56 | I107: 224 | J107: 0 | K107: 0 | L107: 0 | M107: 0 | N107: 0 | O107: 0 | P107: https://docs.google.com/spreadsheets/d/1fccL8JUBU8lRKYoCeAaBP5RTnkAXt3gLCK6c_MkK9k0
